Round Number,Date,Location,Home Team,Away Team,Result
1,16/10/2018 20:00,TD Garden,Boston Celtics,Philadelphia 76ers,105 - 87
1,16/10/2018 22:30,ORACLE Arena,Golden State Warriors,Oklahoma City Thunder,108 - 100
1,17/10/2018 19:00,Spectrum Center,Charlotte Hornets,Milwaukee Bucks,112 - 113
1,17/10/2018 19:00,Little Caesars Arena,Detroit Pistons,Brooklyn Nets,103 - 100
1,17/10/2018 19:00,Bankers Life Fieldhouse,Indiana Pacers,Memphis Grizzlies,111 - 83
1,17/10/2018 19:00,Amway Center,Orlando Magic,Miami Heat,104 - 101
1,17/10/2018 19:30,Madison Square Garden,New York Knicks,Atlanta Hawks,126 - 107
1,17/10/2018 19:30,Scotiabank Arena,Toronto Raptors,Cleveland Cavaliers,116 - 104
1,17/10/2018 20:00,Toyota Center,Houston Rockets,New Orleans Pelicans,112 - 131
1,17/10/2018 20:30,AT+ACY-T Center,San Antonio Spurs,Minnesota Timberwolves,112 - 108
1,17/10/2018 22:00,Golden 1 Center,Sacramento Kings,Utah Jazz,117 - 123
1,17/10/2018 22:30,Staples Center,LA Clippers,Denver Nuggets,98 - 107
1,17/10/2018 22:30,Talking Stick Resort Arena,Phoenix Suns,Dallas Mavericks,121 - 100
1,18/10/2018 20:00,Wells Fargo Center,Philadelphia 76ers,Chicago Bulls,127 - 108
1,18/10/2018 20:00,Capital One Arena,Washington Wizards,Miami Heat,112 - 113
1,18/10/2018 22:30,Moda Center,Portland Trail Blazers,Los Angeles Lakers,128 - 119
1,19/10/2018 19:00,Amway Center,Orlando Magic,Charlotte Hornets,88 - 120
1,19/10/2018 19:30,Barclays Center,Brooklyn Nets,New York Knicks,107 - 105
1,19/10/2018 20:00,Scotiabank Arena,Toronto Raptors,Boston Celtics,113 - 101
1,19/10/2018 20:00,FedExForum,Memphis Grizzlies,Atlanta Hawks,131 - 117
1,19/10/2018 20:00,Target Center,Minnesota Timberwolves,Cleveland Cavaliers,131 - 123
1,19/10/2018 20:00,Smoothie King Center,New Orleans Pelicans,Sacramento Kings,149 - 129
1,19/10/2018 20:30,Fiserv Forum,Milwaukee Bucks,Indiana Pacers,118 - 101
1,19/10/2018 22:30,Vivint Smart Home Arena,Utah Jazz,Golden State Warriors,123 - 124
1,19/10/2018 22:30,Staples Center,LA Clippers,Oklahoma City Thunder,108 - 92
1,20/10/2018 19:00,Bankers Life Fieldhouse,Indiana Pacers,Brooklyn Nets,132 - 112
1,20/10/2018 19:00,Capital One Arena,Washington Wizards,Toronto Raptors,113 - 117
1,20/10/2018 19:30,Madison Square Garden,New York Knicks,Boston Celtics,101 - 103
1,20/10/2018 19:30,Wells Fargo Center,Philadelphia 76ers,Orlando Magic,116 - 115
1,20/10/2018 20:00,AmericanAirlines Arena,Miami Heat,Charlotte Hornets,112 - 113
1,20/10/2018 20:00,United Center,Chicago Bulls,Detroit Pistons,116 - 118
1,20/10/2018 20:30,American Airlines Center,Dallas Mavericks,Minnesota Timberwolves,140 - 136
1,20/10/2018 21:00,Pepsi Center,Denver Nuggets,Phoenix Suns,119 - 91
1,20/10/2018 22:00,Moda Center,Portland Trail Blazers,San Antonio Spurs,121 - 108
1,20/10/2018 22:30,Staples Center,Los Angeles Lakers,Houston Rockets,115 - 124
1,21/10/2018 18:00,Quicken Loans Arena,Cleveland Cavaliers,Atlanta Hawks,111 - 133
1,21/10/2018 19:00,Chesapeake Energy Arena,Oklahoma City Thunder,Sacramento Kings,120 - 131
1,21/10/2018 20:00,Pepsi Center,Denver Nuggets,Golden State Warriors,100 - 98
1,21/10/2018 21:00,Staples Center,LA Clippers,Houston Rockets,115 - 112
1,22/10/2018 19:30,TD Garden,Boston Celtics,Orlando Magic,90 - 93
1,22/10/2018 19:30,Scotiabank Arena,Toronto Raptors,Charlotte Hornets,127 - 106
1,22/10/2018 20:00,Fiserv Forum,Milwaukee Bucks,New York Knicks,124 - 113
1,22/10/2018 20:00,Target Center,Minnesota Timberwolves,Indiana Pacers,101 - 91
1,22/10/2018 20:30,American Airlines Center,Dallas Mavericks,Chicago Bulls,115 - 109
1,22/10/2018 21:00,Vivint Smart Home Arena,Utah Jazz,Memphis Grizzlies,84 - 92
1,22/10/2018 22:00,Moda Center,Portland Trail Blazers,Washington Wizards,124 - 125
1,22/10/2018 22:30,ORACLE Arena,Golden State Warriors,Phoenix Suns,123 - 103
1,22/10/2018 22:30,Staples Center,Los Angeles Lakers,San Antonio Spurs,142 - 143
1,23/10/2018 19:00,Little Caesars Arena,Detroit Pistons,Philadelphia 76ers,133 - 132
1,23/10/2018 20:00,Smoothie King Center,New Orleans Pelicans,LA Clippers,116 - 109
1,23/10/2018 21:00,Pepsi Center,Denver Nuggets,Sacramento Kings,126 - 112
1,24/10/2018 19:00,State Farm Arena,Atlanta Hawks,Dallas Mavericks,111 - 104
1,24/10/2018 19:00,Quicken Loans Arena,Cleveland Cavaliers,Brooklyn Nets,86 - 102
1,24/10/2018 19:30,AmericanAirlines Arena,Miami Heat,New York Knicks,110 - 87
1,24/10/2018 19:30,Scotiabank Arena,Toronto Raptors,Minnesota Timberwolves,112 - 105
1,24/10/2018 20:00,United Center,Chicago Bulls,Charlotte Hornets,112 - 110
1,24/10/2018 20:00,Toyota Center,Houston Rockets,Utah Jazz,89 - 100
1,24/10/2018 20:30,AT+ACY-T Center,San Antonio Spurs,Indiana Pacers,96 - 116
1,24/10/2018 21:30,Fiserv Forum,Milwaukee Bucks,Philadelphia 76ers,123 - 108
1,24/10/2018 22:00,Talking Stick Resort Arena,Phoenix Suns,Los Angeles Lakers,113 - 131
1,24/10/2018 22:00,Golden 1 Center,Sacramento Kings,Memphis Grizzlies,97 - 92
1,24/10/2018 22:30,ORACLE Arena,Golden State Warriors,Washington Wizards,144 - 122
1,25/10/2018 19:00,Little Caesars Arena,Detroit Pistons,Cleveland Cavaliers,110 - 103
1,25/10/2018 19:00,Amway Center,Orlando Magic,Portland Trail Blazers,114 - 128
2,25/10/2018 20:00,Chesapeake Energy Arena,Oklahoma City Thunder,Boston Celtics,95 - 101
2,25/10/2018 22:30,Staples Center,Los Angeles Lakers,Denver Nuggets,121 - 114
2,26/10/2018 19:00,Spectrum Center,Charlotte Hornets,Chicago Bulls,135 - 106
2,26/10/2018 19:30,Madison Square Garden,New York Knicks,Golden State Warriors,100 - 128
2,26/10/2018 19:30,Scotiabank Arena,Toronto Raptors,Dallas Mavericks,116 - 107
2,26/10/2018 20:00,Toyota Center,Houston Rockets,LA Clippers,113 - 133
2,26/10/2018 20:00,Target Center,Minnesota Timberwolves,Milwaukee Bucks,95 - 125
2,26/10/2018 20:00,Smoothie King Center,New Orleans Pelicans,Brooklyn Nets,117 - 115
2,26/10/2018 22:00,Golden 1 Center,Sacramento Kings,Washington Wizards,116 - 112
2,27/10/2018 19:00,Little Caesars Arena,Detroit Pistons,Boston Celtics,89 - 109
2,27/10/2018 19:00,Smoothie King Center,New Orleans Pelicans,Utah Jazz,111 - 132
2,27/10/2018 19:30,State Farm Arena,Atlanta Hawks,Chicago Bulls,85 - 97
2,27/10/2018 19:30,Quicken Loans Arena,Cleveland Cavaliers,Indiana Pacers,107 - 119
2,27/10/2018 19:30,Wells Fargo Center,Philadelphia 76ers,Charlotte Hornets,105 - 103
2,27/10/2018 20:00,AmericanAirlines Arena,Miami Heat,Portland Trail Blazers,120 - 111
2,27/10/2018 20:00,FedExForum,Memphis Grizzlies,Phoenix Suns,117 - 96
2,27/10/2018 20:30,Fiserv Forum,Milwaukee Bucks,Orlando Magic,113 - 91
2,27/10/2018 20:30,AT+ACY-T Center,San Antonio Spurs,Los Angeles Lakers,110 - 106
2,28/10/2018 17:00,Barclays Center,Brooklyn Nets,Golden State Warriors,114 - 120
2,28/10/2018 19:00,American Airlines Center,Dallas Mavericks,Utah Jazz,104 - 113
2,28/10/2018 19:00,Chesapeake Energy Arena,Oklahoma City Thunder,Phoenix Suns,117 - 110
2,28/10/2018 21:30,Staples Center,LA Clippers,Washington Wizards,136 - 104
2,29/10/2018 19:00,Bankers Life Fieldhouse,Indiana Pacers,Portland Trail Blazers,93 - 103
2,29/10/2018 19:00,Wells Fargo Center,Philadelphia 76ers,Atlanta Hawks,113 - 92
2,29/10/2018 19:30,AmericanAirlines Arena,Miami Heat,Sacramento Kings,113 - 123
2,29/10/2018 19:30,Madison Square Garden,New York Knicks,Brooklyn Nets,115 - 96
2,29/10/2018 20:00,United Center,Chicago Bulls,Golden State Warriors,124 - 149
2,29/10/2018 20:00,Fiserv Forum,Milwaukee Bucks,Toronto Raptors,124 - 109
2,29/10/2018 20:00,Target Center,Minnesota Timberwolves,Los Angeles Lakers,124 - 120
2,29/10/2018 20:30,AT+ACY-T Center,San Antonio Spurs,Dallas Mavericks,113 - 108
2,29/10/2018 21:00,Pepsi Center,Denver Nuggets,New Orleans Pelicans,116 - 111
2,30/10/2018 19:00,Spectrum Center,Charlotte Hornets,Miami Heat,125 - 113
2,30/10/2018 19:00,Quicken Loans Arena,Cleveland Cavaliers,Atlanta Hawks,136 - 114
2,30/10/2018 19:00,Amway Center,Orlando Magic,Sacramento Kings,99 - 107
2,30/10/2018 19:30,TD Garden,Boston Celtics,Detroit Pistons,108 - 105
2,30/10/2018 19:30,Scotiabank Arena,Toronto Raptors,Philadelphia 76ers,129 - 112
2,30/10/2018 20:00,Toyota Center,Houston Rockets,Portland Trail Blazers,85 - 104
2,30/10/2018 20:00,FedExForum,Memphis Grizzlies,Washington Wizards,107 - 95
2,30/10/2018 20:00,Chesapeake Energy Arena,Oklahoma City Thunder,LA Clippers,128 - 110
2,31/10/2018 19:30,Barclays Center,Brooklyn Nets,Detroit Pistons,120 - 119
2,31/10/2018 20:00,Madison Square Garden,New York Knicks,Indiana Pacers,101 - 107
2,31/10/2018 20:00,United Center,Chicago Bulls,Denver Nuggets,107 - 108
2,31/10/2018 20:00,Target Center,Minnesota Timberwolves,Utah Jazz,128 - 125
2,31/10/2018 22:30,ORACLE Arena,Golden State Warriors,New Orleans Pelicans,131 - 121
2,31/10/2018 22:30,Staples Center,Los Angeles Lakers,Dallas Mavericks,114 - 113
2,31/10/2018 22:30,Talking Stick Resort Arena,Phoenix Suns,San Antonio Spurs,90 - 120
2,01/11/2018 19:00,Spectrum Center,Charlotte Hornets,Oklahoma City Thunder,107 - 111
2,01/11/2018 19:00,Quicken Loans Arena,Cleveland Cavaliers,Denver Nuggets,91 - 110
2,01/11/2018 19:00,Wells Fargo Center,Philadelphia 76ers,LA Clippers,122 - 113
2,01/11/2018 19:30,State Farm Arena,Atlanta Hawks,Sacramento Kings,115 - 146
3,01/11/2018 20:00,TD Garden,Boston Celtics,Milwaukee Bucks,117 - 113
3,01/11/2018 22:30,Moda Center,Portland Trail Blazers,New Orleans Pelicans,132 - 119
3,02/11/2018 19:00,Amway Center,Orlando Magic,LA Clippers,95 - 120
3,02/11/2018 19:30,Barclays Center,Brooklyn Nets,Houston Rockets,111 - 119
3,02/11/2018 20:00,Capital One Arena,Washington Wizards,Oklahoma City Thunder,111 - 134
3,02/11/2018 20:00,United Center,Chicago Bulls,Indiana Pacers,105 - 107
3,02/11/2018 20:30,American Airlines Center,Dallas Mavericks,New York Knicks,106 - 118
3,02/11/2018 21:00,Vivint Smart Home Arena,Utah Jazz,Memphis Grizzlies,100 - 110
3,02/11/2018 22:00,Talking Stick Resort Arena,Phoenix Suns,Toronto Raptors,98 - 107
3,02/11/2018 22:30,ORACLE Arena,Golden State Warriors,Minnesota Timberwolves,116 - 99
3,03/11/2018 13:00,Wells Fargo Center,Philadelphia 76ers,Detroit Pistons,109 - 99
3,03/11/2018 19:00,Spectrum Center,Charlotte Hornets,Cleveland Cavaliers,126 - 94
3,03/11/2018 19:00,Bankers Life Fieldhouse,Indiana Pacers,Boston Celtics,102 - 101
3,03/11/2018 19:30,State Farm Arena,Atlanta Hawks,Miami Heat,123 - 118
3,03/11/2018 20:00,United Center,Chicago Bulls,Houston Rockets,88 - 96
3,03/11/2018 20:30,AT+ACY-T Center,San Antonio Spurs,New Orleans Pelicans,109 - 95
3,03/11/2018 21:00,Pepsi Center,Denver Nuggets,Utah Jazz,103 - 88
3,03/11/2018 22:00,Moda Center,Portland Trail Blazers,Los Angeles Lakers,110 - 114
3,04/11/2018 15:30,Fiserv Forum,Milwaukee Bucks,Sacramento Kings,144 - 109
3,04/11/2018 18:00,Barclays Center,Brooklyn Nets,Philadelphia 76ers,122 - 97
3,04/11/2018 18:00,Capital One Arena,Washington Wizards,New York Knicks,108 - 95
3,04/11/2018 19:00,AT+ACY-T Center,San Antonio Spurs,Orlando Magic,110 - 117
3,04/11/2018 20:00,Talking Stick Resort Arena,Phoenix Suns,Memphis Grizzlies,102 - 100
3,04/11/2018 21:00,Moda Center,Portland Trail Blazers,Minnesota Timberwolves,111 - 81
3,04/11/2018 21:30,Staples Center,Los Angeles Lakers,Toronto Raptors,107 - 121
3,05/11/2018 19:00,Little Caesars Arena,Detroit Pistons,Miami Heat,115 - 120
3,05/11/2018 19:00,Bankers Life Fieldhouse,Indiana Pacers,Houston Rockets,94 - 98
3,05/11/2018 19:00,Amway Center,Orlando Magic,Cleveland Cavaliers,102 - 100
3,05/11/2018 19:30,Madison Square Garden,New York Knicks,Chicago Bulls,115 - 116
3,05/11/2018 20:00,Chesapeake Energy Arena,Oklahoma City Thunder,New Orleans Pelicans,122 - 116
3,05/11/2018 21:00,Pepsi Center,Denver Nuggets,Boston Celtics,115 - 107
3,05/11/2018 21:00,Vivint Smart Home Arena,Utah Jazz,Toronto Raptors,111 - 124
3,05/11/2018 22:30,ORACLE Arena,Golden State Warriors,Memphis Grizzlies,117 - 101
3,05/11/2018 22:30,Staples Center,LA Clippers,Minnesota Timberwolves,120 - 109
3,06/11/2018 19:00,Spectrum Center,Charlotte Hornets,Atlanta Hawks,113 - 102
3,06/11/2018 20:30,American Airlines Center,Dallas Mavericks,Washington Wizards,119 - 100
3,06/11/2018 21:00,Talking Stick Resort Arena,Phoenix Suns,Brooklyn Nets,82 - 104
3,06/11/2018 22:00,Moda Center,Portland Trail Blazers,Milwaukee Bucks,118 - 103
3,07/11/2018 19:00,Quicken Loans Arena,Cleveland Cavaliers,Oklahoma City Thunder,86 - 95
3,07/11/2018 19:00,Amway Center,Orlando Magic,Detroit Pistons,96 - 103
3,07/11/2018 19:30,State Farm Arena,Atlanta Hawks,New York Knicks,107 - 112
3,07/11/2018 19:30,AmericanAirlines Arena,Miami Heat,San Antonio Spurs,95 - 88
3,07/11/2018 20:00,Bankers Life Fieldhouse,Indiana Pacers,Philadelphia 76ers,94 - 100
3,07/11/2018 20:00,FedExForum,Memphis Grizzlies,Denver Nuggets,89 - 87
3,07/11/2018 20:00,Smoothie King Center,New Orleans Pelicans,Chicago Bulls,107 - 98
3,07/11/2018 21:00,Vivint Smart Home Arena,Utah Jazz,Dallas Mavericks,117 - 102
3,07/11/2018 22:00,Golden 1 Center,Sacramento Kings,Toronto Raptors,105 - 114
3,07/11/2018 22:30,Staples Center,Los Angeles Lakers,Minnesota Timberwolves,114 - 110
4,08/11/2018 20:00,Chesapeake Energy Arena,Oklahoma City Thunder,Houston Rockets,98 - 80
4,08/11/2018 21:00,Talking Stick Resort Arena,Phoenix Suns,Boston Celtics,109 - 116
4,08/11/2018 22:00,Moda Center,Portland Trail Blazers,LA Clippers,116 - 105
4,08/11/2018 22:30,ORACLE Arena,Golden State Warriors,Milwaukee Bucks,111 - 134
4,09/11/2018 19:00,Amway Center,Orlando Magic,Washington Wizards,117 - 108
4,09/11/2018 19:00,Wells Fargo Center,Philadelphia 76ers,Charlotte Hornets,133 - 132
4,09/11/2018 19:30,State Farm Arena,Atlanta Hawks,Detroit Pistons,109 - 124
4,09/11/2018 20:00,AmericanAirlines Arena,Miami Heat,Indiana Pacers,102 - 110
4,09/11/2018 21:00,Pepsi Center,Denver Nuggets,Brooklyn Nets,110 - 112
4,09/11/2018 21:30,Vivint Smart Home Arena,Utah Jazz,Boston Celtics,123 - 115
4,09/11/2018 22:00,Golden 1 Center,Sacramento Kings,Minnesota Timberwolves,121 - 110
4,10/11/2018 15:00,Scotiabank Arena,Toronto Raptors,New York Knicks,128 - 112
4,10/11/2018 15:30,Staples Center,LA Clippers,Milwaukee Bucks,128 - 126
4,10/11/2018 19:00,Smoothie King Center,New Orleans Pelicans,Phoenix Suns,119 - 99
4,10/11/2018 20:00,AmericanAirlines Arena,Miami Heat,Washington Wizards,110 - 116
4,10/11/2018 20:00,United Center,Chicago Bulls,Cleveland Cavaliers,99 - 98
4,10/11/2018 20:00,FedExForum,Memphis Grizzlies,Philadelphia 76ers,112 - 106
4,10/11/2018 20:30,AT+ACY-T Center,San Antonio Spurs,Houston Rockets,96 - 89
4,10/11/2018 20:30,ORACLE Arena,Golden State Warriors,Brooklyn Nets,116 - 100
4,10/11/2018 21:00,American Airlines Center,Dallas Mavericks,Oklahoma City Thunder,111 - 96
4,10/11/2018 22:00,Golden 1 Center,Sacramento Kings,Los Angeles Lakers,86 - 101
4,11/11/2018 15:30,Little Caesars Arena,Detroit Pistons,Charlotte Hornets,103 - 113
4,11/11/2018 19:00,Toyota Center,Houston Rockets,Indiana Pacers,115 - 103
4,11/11/2018 19:30,Madison Square Garden,New York Knicks,Orlando Magic,89 - 115
4,11/11/2018 20:00,Pepsi Center,Denver Nuggets,Milwaukee Bucks,114 - 121
4,11/11/2018 21:00,Moda Center,Portland Trail Blazers,Boston Celtics,100 - 94
4,11/11/2018 21:30,Staples Center,Los Angeles Lakers,Atlanta Hawks,107 - 106
4,12/11/2018 19:00,Capital One Arena,Washington Wizards,Orlando Magic,117 - 109
4,12/11/2018 19:30,AmericanAirlines Arena,Miami Heat,Philadelphia 76ers,114 - 124
4,12/11/2018 19:30,Scotiabank Arena,Toronto Raptors,New Orleans Pelicans,110 - 126
4,12/11/2018 20:00,United Center,Chicago Bulls,Dallas Mavericks,98 - 103
4,12/11/2018 20:00,FedExForum,Memphis Grizzlies,Utah Jazz,88 - 96
4,12/11/2018 20:00,Target Center,Minnesota Timberwolves,Brooklyn Nets,120 - 113
4,12/11/2018 20:00,Chesapeake Energy Arena,Oklahoma City Thunder,Phoenix Suns,118 - 101
4,12/11/2018 22:00,Golden 1 Center,Sacramento Kings,San Antonio Spurs,104 - 99
4,12/11/2018 22:30,Staples Center,LA Clippers,Golden State Warriors,121 - 116
4,13/11/2018 19:00,Quicken Loans Arena,Cleveland Cavaliers,Charlotte Hornets,113 - 89
4,13/11/2018 21:00,Pepsi Center,Denver Nuggets,Houston Rockets,99 - 109
4,13/11/2018 22:30,ORACLE Arena,Golden State Warriors,Atlanta Hawks,110 - 103
4,14/11/2018 19:00,Amway Center,Orlando Magic,Philadelphia 76ers,111 - 106
4,14/11/2018 19:00,Capital One Arena,Washington Wizards,Cleveland Cavaliers,119 - 95
4,14/11/2018 19:30,TD Garden,Boston Celtics,Chicago Bulls,111 - 82
4,14/11/2018 19:30,Barclays Center,Brooklyn Nets,Miami Heat,107 - 120
4,14/11/2018 19:30,Scotiabank Arena,Toronto Raptors,Detroit Pistons,104 - 106
4,14/11/2018 20:00,Fiserv Forum,Milwaukee Bucks,Memphis Grizzlies,113 - 116
4,14/11/2018 20:00,Target Center,Minnesota Timberwolves,New Orleans Pelicans,107 - 100
4,14/11/2018 20:00,Chesapeake Energy Arena,Oklahoma City Thunder,New York Knicks,128 - 103
4,14/11/2018 20:30,American Airlines Center,Dallas Mavericks,Utah Jazz,118 - 68
4,14/11/2018 21:00,Talking Stick Resort Arena,Phoenix Suns,San Antonio Spurs,116 - 96
4,14/11/2018 22:30,Staples Center,Los Angeles Lakers,Portland Trail Blazers,126 - 117
5,15/11/2018 20:00,Toyota Center,Houston Rockets,Golden State Warriors,107 - 86
5,15/11/2018 21:00,Pepsi Center,Denver Nuggets,Atlanta Hawks,138 - 93
5,15/11/2018 22:30,Staples Center,LA Clippers,San Antonio Spurs,116 - 111
5,16/11/2018 19:00,TD Garden,Boston Celtics,Toronto Raptors,123 - 116
5,16/11/2018 19:00,Bankers Life Fieldhouse,Indiana Pacers,Miami Heat,99 - 91
5,16/11/2018 19:00,Wells Fargo Center,Philadelphia 76ers,Utah Jazz,113 - 107
5,16/11/2018 19:00,Capital One Arena,Washington Wizards,Brooklyn Nets,104 - 115
5,16/11/2018 20:00,FedExForum,Memphis Grizzlies,Sacramento Kings,112 - 104
5,16/11/2018 20:00,Target Center,Minnesota Timberwolves,Portland Trail Blazers,112 - 96
5,16/11/2018 20:00,Smoothie King Center,New Orleans Pelicans,New York Knicks,129 - 124
5,16/11/2018 21:30,Fiserv Forum,Milwaukee Bucks,Chicago Bulls,123 - 104
5,17/11/2018 18:00,Barclays Center,Brooklyn Nets,LA Clippers,119 - 127
5,17/11/2018 19:00,Spectrum Center,Charlotte Hornets,Philadelphia 76ers,119 - 122
5,17/11/2018 19:00,Bankers Life Fieldhouse,Indiana Pacers,Atlanta Hawks,97 - 89
5,17/11/2018 19:00,Amway Center,Orlando Magic,Los Angeles Lakers,130 - 117
5,17/11/2018 19:00,Smoothie King Center,New Orleans Pelicans,Denver Nuggets,125 - 115
5,17/11/2018 19:30,TD Garden,Boston Celtics,Utah Jazz,86 - 98
5,17/11/2018 20:00,United Center,Chicago Bulls,Toronto Raptors,83 - 122
5,17/11/2018 20:00,Toyota Center,Houston Rockets,Sacramento Kings,132 - 112
5,17/11/2018 20:30,American Airlines Center,Dallas Mavericks,Golden State Warriors,112 - 109
5,17/11/2018 21:00,Talking Stick Resort Arena,Phoenix Suns,Oklahoma City Thunder,100 - 110
5,18/11/2018 15:30,Target Center,Minnesota Timberwolves,Memphis Grizzlies,87 - 100
5,18/11/2018 18:00,AmericanAirlines Arena,Miami Heat,Los Angeles Lakers,97 - 113
5,18/11/2018 18:00,Amway Center,Orlando Magic,New York Knicks,131 - 117
5,18/11/2018 18:00,Capital One Arena,Washington Wizards,Portland Trail Blazers,109 - 119
5,18/11/2018 19:00,AT+ACY-T Center,San Antonio Spurs,Golden State Warriors,104 - 92
5,19/11/2018 19:00,Spectrum Center,Charlotte Hornets,Boston Celtics,117 - 112
5,19/11/2018 19:00,Little Caesars Arena,Detroit Pistons,Cleveland Cavaliers,113 - 102
5,19/11/2018 19:00,Bankers Life Fieldhouse,Indiana Pacers,Utah Jazz,121 - 94
5,19/11/2018 19:00,Wells Fargo Center,Philadelphia 76ers,Phoenix Suns,119 - 114
5,19/11/2018 19:30,State Farm Arena,Atlanta Hawks,LA Clippers,119 - 127
5,19/11/2018 20:00,FedExForum,Memphis Grizzlies,Dallas Mavericks,98 - 88
5,19/11/2018 20:00,Fiserv Forum,Milwaukee Bucks,Denver Nuggets,104 - 98
5,19/11/2018 20:00,Smoothie King Center,New Orleans Pelicans,San Antonio Spurs,140 - 126
5,19/11/2018 22:00,Golden 1 Center,Sacramento Kings,Oklahoma City Thunder,117 - 113
5,20/11/2018 19:00,Amway Center,Orlando Magic,Toronto Raptors,91 - 93
5,20/11/2018 19:00,Capital One Arena,Washington Wizards,LA Clippers,125 - 118
5,20/11/2018 19:30,AmericanAirlines Arena,Miami Heat,Brooklyn Nets,92 - 104
5,20/11/2018 19:30,Madison Square Garden,New York Knicks,Portland Trail Blazers,114 - 118
5,21/11/2018 19:00,Spectrum Center,Charlotte Hornets,Indiana Pacers,127 - 109
5,21/11/2018 19:00,Wells Fargo Center,Philadelphia 76ers,New Orleans Pelicans,121 - 120
5,21/11/2018 19:30,State Farm Arena,Atlanta Hawks,Toronto Raptors,108 - 124
5,21/11/2018 19:30,TD Garden,Boston Celtics,New York Knicks,109 - 117
5,21/11/2018 20:00,Quicken Loans Arena,Cleveland Cavaliers,Los Angeles Lakers,105 - 109
5,21/11/2018 20:00,United Center,Chicago Bulls,Phoenix Suns,124 - 116
5,21/11/2018 20:00,Toyota Center,Houston Rockets,Detroit Pistons,126 - 124
5,21/11/2018 20:00,Fiserv Forum,Milwaukee Bucks,Portland Trail Blazers,143 - 100
5,21/11/2018 20:00,Target Center,Minnesota Timberwolves,Denver Nuggets,101 - 103
5,21/11/2018 20:30,American Airlines Center,Dallas Mavericks,Brooklyn Nets,119 - 113
5,21/11/2018 20:30,AT+ACY-T Center,San Antonio Spurs,Memphis Grizzlies,103 - 104
5,21/11/2018 21:00,Vivint Smart Home Arena,Utah Jazz,Sacramento Kings,110 - 119
5,21/11/2018 22:30,ORACLE Arena,Golden State Warriors,Oklahoma City Thunder,95 - 123
6,23/11/2018 12:00,Barclays Center,Brooklyn Nets,Minnesota Timberwolves,102 - 112
6,23/11/2018 15:30,Staples Center,LA Clippers,Memphis Grizzlies,112 - 107
6,23/11/2018 19:00,Little Caesars Arena,Detroit Pistons,Houston Rockets,116 - 111
6,23/11/2018 19:30,State Farm Arena,Atlanta Hawks,Boston Celtics,96 - 114
6,23/11/2018 19:30,Madison Square Garden,New York Knicks,New Orleans Pelicans,114 - 109
6,23/11/2018 19:30,Wells Fargo Center,Philadelphia 76ers,Cleveland Cavaliers,112 - 121
6,23/11/2018 19:30,Scotiabank Arena,Toronto Raptors,Washington Wizards,125 - 107
6,23/11/2018 20:00,Bankers Life Fieldhouse,Indiana Pacers,San Antonio Spurs,100 - 111
6,23/11/2018 20:00,United Center,Chicago Bulls,Miami Heat,96 - 103
6,23/11/2018 20:00,Chesapeake Energy Arena,Oklahoma City Thunder,Charlotte Hornets,109 - 104
6,23/11/2018 20:30,Fiserv Forum,Milwaukee Bucks,Phoenix Suns,114 - 116
6,23/11/2018 21:00,Pepsi Center,Denver Nuggets,Orlando Magic,112 - 87
6,23/11/2018 22:30,ORACLE Arena,Golden State Warriors,Portland Trail Blazers,125 - 97
6,23/11/2018 22:30,Staples Center,Los Angeles Lakers,Utah Jazz,90 - 83
6,24/11/2018 19:30,Quicken Loans Arena,Cleveland Cavaliers,Houston Rockets,117 - 108
6,24/11/2018 20:00,Capital One Arena,Washington Wizards,New Orleans Pelicans,124 - 114
6,24/11/2018 20:00,Target Center,Minnesota Timberwolves,Chicago Bulls,111 - 96
6,24/11/2018 20:00,Chesapeake Energy Arena,Oklahoma City Thunder,Denver Nuggets,98 - 105
6,24/11/2018 20:30,American Airlines Center,Dallas Mavericks,Boston Celtics,113 - 104
6,24/11/2018 20:30,Fiserv Forum,Milwaukee Bucks,San Antonio Spurs,135 - 129
6,24/11/2018 20:30,ORACLE Arena,Golden State Warriors,Sacramento Kings,117 - 116
6,25/11/2018 15:30,Staples Center,Los Angeles Lakers,Orlando Magic,104 - 108
6,25/11/2018 16:00,Little Caesars Arena,Detroit Pistons,Phoenix Suns,118 - 107
6,25/11/2018 18:00,State Farm Arena,Atlanta Hawks,Charlotte Hornets,124 - 123
6,25/11/2018 18:00,Barclays Center,Brooklyn Nets,Philadelphia 76ers,125 - 127
6,25/11/2018 18:00,Scotiabank Arena,Toronto Raptors,Miami Heat,125 - 115
6,25/11/2018 18:00,FedExForum,Memphis Grizzlies,New York Knicks,98 - 103
6,25/11/2018 20:00,Golden 1 Center,Sacramento Kings,Utah Jazz,112 - 133
6,25/11/2018 21:00,Moda Center,Portland Trail Blazers,LA Clippers,100 - 104
6,26/11/2018 19:00,Spectrum Center,Charlotte Hornets,Milwaukee Bucks,110 - 107
6,26/11/2018 19:00,Quicken Loans Arena,Cleveland Cavaliers,Minnesota Timberwolves,95 - 102
6,26/11/2018 19:00,Capital One Arena,Washington Wizards,Houston Rockets,135 - 131
6,26/11/2018 20:00,United Center,Chicago Bulls,San Antonio Spurs,107 - 108
6,26/11/2018 20:00,Smoothie King Center,New Orleans Pelicans,Boston Celtics,107 - 124
6,26/11/2018 21:00,Vivint Smart Home Arena,Utah Jazz,Indiana Pacers,88 - 121
6,26/11/2018 22:30,ORACLE Arena,Golden State Warriors,Orlando Magic,116 - 110
6,27/11/2018 19:00,Little Caesars Arena,Detroit Pistons,New York Knicks,115 - 108
6,27/11/2018 19:30,AmericanAirlines Arena,Miami Heat,Atlanta Hawks,113 - 115
6,27/11/2018 20:00,FedExForum,Memphis Grizzlies,Toronto Raptors,114 - 122
6,27/11/2018 21:00,Pepsi Center,Denver Nuggets,Los Angeles Lakers,117 - 85
6,27/11/2018 21:00,Talking Stick Resort Arena,Phoenix Suns,Indiana Pacers,104 - 109
6,28/11/2018 19:00,Spectrum Center,Charlotte Hornets,Atlanta Hawks,108 - 94
6,28/11/2018 19:00,Wells Fargo Center,Philadelphia 76ers,New York Knicks,117 - 91
6,28/11/2018 19:30,Barclays Center,Brooklyn Nets,Utah Jazz,91 - 101
6,28/11/2018 20:00,Toyota Center,Houston Rockets,Dallas Mavericks,108 - 128
6,28/11/2018 20:00,Fiserv Forum,Milwaukee Bucks,Chicago Bulls,116 - 113
6,28/11/2018 20:00,Target Center,Minnesota Timberwolves,San Antonio Spurs,128 - 89
6,28/11/2018 20:00,Smoothie King Center,New Orleans Pelicans,Washington Wizards,125 - 104
6,28/11/2018 20:00,Chesapeake Energy Arena,Oklahoma City Thunder,Cleveland Cavaliers,100 - 83
6,28/11/2018 22:00,Moda Center,Portland Trail Blazers,Orlando Magic,115 - 112
6,28/11/2018 22:30,Staples Center,LA Clippers,Phoenix Suns,115 - 99
7,29/11/2018 20:00,Scotiabank Arena,Toronto Raptors,Golden State Warriors,131 - 128
7,29/11/2018 22:30,Staples Center,Los Angeles Lakers,Indiana Pacers,104 - 96
7,29/11/2018 22:30,Golden 1 Center,Sacramento Kings,LA Clippers,121 - 133
7,30/11/2018 19:00,TD Garden,Boston Celtics,Cleveland Cavaliers,128 - 95
7,30/11/2018 19:00,Spectrum Center,Charlotte Hornets,Utah Jazz,111 - 119
7,30/11/2018 19:00,Little Caesars Arena,Detroit Pistons,Chicago Bulls,107 - 88
7,30/11/2018 19:00,Wells Fargo Center,Philadelphia 76ers,Washington Wizards,123 - 98
7,30/11/2018 19:30,Barclays Center,Brooklyn Nets,Memphis Grizzlies,125 - 131
7,30/11/2018 20:00,AmericanAirlines Arena,Miami Heat,New Orleans Pelicans,106 - 101
7,30/11/2018 20:00,Chesapeake Energy Arena,Oklahoma City Thunder,Atlanta Hawks,124 - 109
7,30/11/2018 20:00,AT+ACY-T Center,San Antonio Spurs,Houston Rockets,105 - 136
7,30/11/2018 21:00,Talking Stick Resort Arena,Phoenix Suns,Orlando Magic,85 - 99
7,30/11/2018 22:30,Staples Center,Los Angeles Lakers,Dallas Mavericks,114 - 103
7,30/11/2018 22:30,Moda Center,Portland Trail Blazers,Denver Nuggets,112 - 113
7,01/12/2018 17:00,Madison Square Garden,New York Knicks,Milwaukee Bucks,136 - 134
7,01/12/2018 19:00,Little Caesars Arena,Detroit Pistons,Golden State Warriors,111 - 102
7,01/12/2018 19:00,Capital One Arena,Washington Wizards,Brooklyn Nets,102 - 88
7,01/12/2018 20:00,Quicken Loans Arena,Cleveland Cavaliers,Toronto Raptors,95 - 106
7,01/12/2018 20:00,Toyota Center,Houston Rockets,Chicago Bulls,121 - 105
7,01/12/2018 20:00,Target Center,Minnesota Timberwolves,Boston Celtics,109 - 118
7,01/12/2018 22:00,Golden 1 Center,Sacramento Kings,Indiana Pacers,111 - 110
7,02/12/2018 15:30,Staples Center,Los Angeles Lakers,Phoenix Suns,120 - 96
7,02/12/2018 17:00,Spectrum Center,Charlotte Hornets,New Orleans Pelicans,109 - 119
7,02/12/2018 18:00,AmericanAirlines Arena,Miami Heat,Utah Jazz,102 - 100
7,02/12/2018 18:00,Wells Fargo Center,Philadelphia 76ers,Memphis Grizzlies,103 - 95
7,02/12/2018 19:00,American Airlines Center,Dallas Mavericks,LA Clippers,114 - 110
7,02/12/2018 19:00,AT+ACY-T Center,San Antonio Spurs,Portland Trail Blazers,131 - 118
7,03/12/2018 19:00,Little Caesars Arena,Detroit Pistons,Oklahoma City Thunder,83 - 110
7,03/12/2018 19:30,State Farm Arena,Atlanta Hawks,Golden State Warriors,111 - 128
7,03/12/2018 19:30,Barclays Center,Brooklyn Nets,Cleveland Cavaliers,97 - 99
7,03/12/2018 19:30,Madison Square Garden,New York Knicks,Washington Wizards,107 - 110
7,03/12/2018 19:30,Scotiabank Arena,Toronto Raptors,Denver Nuggets,103 - 106
7,03/12/2018 20:00,Target Center,Minnesota Timberwolves,Houston Rockets,103 - 91
7,03/12/2018 20:00,Smoothie King Center,New Orleans Pelicans,LA Clippers,126 - 129
7,04/12/2018 19:00,Bankers Life Fieldhouse,Indiana Pacers,Chicago Bulls,96 - 90
7,04/12/2018 19:30,AmericanAirlines Arena,Miami Heat,Orlando Magic,90 - 105
7,04/12/2018 20:30,American Airlines Center,Dallas Mavericks,Portland Trail Blazers,111 - 102
7,04/12/2018 21:00,Talking Stick Resort Arena,Phoenix Suns,Sacramento Kings,105 - 122
7,04/12/2018 21:00,Vivint Smart Home Arena,Utah Jazz,San Antonio Spurs,139 - 105
7,05/12/2018 19:00,Quicken Loans Arena,Cleveland Cavaliers,Golden State Warriors,105 - 129
7,05/12/2018 19:00,Amway Center,Orlando Magic,Denver Nuggets,118 - 124
7,05/12/2018 19:30,State Farm Arena,Atlanta Hawks,Washington Wizards,117 - 131
7,05/12/2018 19:30,Barclays Center,Brooklyn Nets,Oklahoma City Thunder,112 - 114
7,05/12/2018 20:00,Scotiabank Arena,Toronto Raptors,Philadelphia 76ers,113 - 102
7,05/12/2018 20:00,FedExForum,Memphis Grizzlies,LA Clippers,96 - 86
7,05/12/2018 20:00,Fiserv Forum,Milwaukee Bucks,Detroit Pistons,115 - 92
7,05/12/2018 20:00,Target Center,Minnesota Timberwolves,Charlotte Hornets,121 - 104
7,05/12/2018 20:00,Smoothie King Center,New Orleans Pelicans,Dallas Mavericks,132 - 106
7,05/12/2018 22:30,Staples Center,Los Angeles Lakers,San Antonio Spurs,121 - 113
8,06/12/2018 20:00,TD Garden,Boston Celtics,New York Knicks,128 - 100
8,06/12/2018 22:00,Moda Center,Portland Trail Blazers,Phoenix Suns,108 - 86
8,06/12/2018 22:30,Vivint Smart Home Arena,Utah Jazz,Houston Rockets,118 - 91
8,07/12/2018 19:00,Spectrum Center,Charlotte Hornets,Denver Nuggets,113 - 107
8,07/12/2018 19:00,Little Caesars Arena,Detroit Pistons,Philadelphia 76ers,111 - 117
8,07/12/2018 19:00,Amway Center,Orlando Magic,Indiana Pacers,90 - 112
8,07/12/2018 19:30,Barclays Center,Brooklyn Nets,Toronto Raptors,106 - 105
8,07/12/2018 19:30,Quicken Loans Arena,Cleveland Cavaliers,Sacramento Kings,110 - 129
8,07/12/2018 20:00,United Center,Chicago Bulls,Oklahoma City Thunder,114 - 112
8,07/12/2018 20:00,Smoothie King Center,New Orleans Pelicans,Memphis Grizzlies,103 - 107
8,07/12/2018 20:30,AT+ACY-T Center,San Antonio Spurs,Los Angeles Lakers,133 - 120
8,07/12/2018 21:00,Talking Stick Resort Arena,Phoenix Suns,Miami Heat,98 - 115
8,07/12/2018 21:30,Fiserv Forum,Milwaukee Bucks,Golden State Warriors,95 - 105
8,08/12/2018 18:00,American Airlines Center,Dallas Mavericks,Houston Rockets,107 - 104
8,08/12/2018 19:00,Bankers Life Fieldhouse,Indiana Pacers,Sacramento Kings,107 - 97
8,08/12/2018 19:30,State Farm Arena,Atlanta Hawks,Denver Nuggets,106 - 98
8,08/12/2018 19:30,Quicken Loans Arena,Cleveland Cavaliers,Washington Wizards,116 - 101
8,08/12/2018 19:30,Madison Square Garden,New York Knicks,Brooklyn Nets,104 - 112
8,08/12/2018 20:00,United Center,Chicago Bulls,Boston Celtics,77 - 133
8,08/12/2018 20:00,FedExForum,Memphis Grizzlies,Los Angeles Lakers,88 - 111
8,08/12/2018 22:00,Moda Center,Portland Trail Blazers,Minnesota Timberwolves,113 - 105
8,08/12/2018 22:30,Staples Center,LA Clippers,Miami Heat,98 - 121
8,09/12/2018 15:30,Little Caesars Arena,Detroit Pistons,New Orleans Pelicans,108 - 116
8,09/12/2018 18:00,Scotiabank Arena,Toronto Raptors,Milwaukee Bucks,99 - 104
8,09/12/2018 19:00,AT+ACY-T Center,San Antonio Spurs,Utah Jazz,110 - 97
8,09/12/2018 19:30,Madison Square Garden,New York Knicks,Charlotte Hornets,107 - 119
8,10/12/2018 19:00,Bankers Life Fieldhouse,Indiana Pacers,Washington Wizards,109 - 101
8,10/12/2018 19:00,Wells Fargo Center,Philadelphia 76ers,Detroit Pistons,116 - 102
8,10/12/2018 19:30,TD Garden,Boston Celtics,New Orleans Pelicans,113 - 100
8,10/12/2018 20:00,United Center,Chicago Bulls,Sacramento Kings,89 - 108
8,10/12/2018 20:00,Fiserv Forum,Milwaukee Bucks,Cleveland Cavaliers,108 - 92
8,10/12/2018 20:00,Chesapeake Energy Arena,Oklahoma City Thunder,Utah Jazz,122 - 113
8,10/12/2018 20:30,American Airlines Center,Dallas Mavericks,Orlando Magic,101 - 76
8,10/12/2018 21:00,Pepsi Center,Denver Nuggets,Memphis Grizzlies,105 - 99
8,10/12/2018 21:00,Talking Stick Resort Arena,Phoenix Suns,LA Clippers,119 - 123
8,10/12/2018 22:30,ORACLE Arena,Golden State Warriors,Minnesota Timberwolves,116 - 108
8,10/12/2018 22:30,Staples Center,Los Angeles Lakers,Miami Heat,108 - 105
8,11/12/2018 20:00,Toyota Center,Houston Rockets,Portland Trail Blazers,111 - 103
8,11/12/2018 20:30,AT+ACY-T Center,San Antonio Spurs,Phoenix Suns,111 - 86
8,11/12/2018 22:30,Staples Center,LA Clippers,Toronto Raptors,99 - 123
8,12/12/2018 19:00,Spectrum Center,Charlotte Hornets,Detroit Pistons,108 - 107
8,12/12/2018 19:00,Quicken Loans Arena,Cleveland Cavaliers,New York Knicks,113 - 106
8,12/12/2018 19:00,Bankers Life Fieldhouse,Indiana Pacers,Milwaukee Bucks,113 - 97
8,12/12/2018 19:00,Wells Fargo Center,Philadelphia 76ers,Brooklyn Nets,124 - 127
8,12/12/2018 19:00,Capital One Arena,Washington Wizards,Boston Celtics,125 - 130
8,12/12/2018 20:00,FedExForum,Memphis Grizzlies,Portland Trail Blazers,92 - 83
8,12/12/2018 20:00,Smoothie King Center,New Orleans Pelicans,Oklahoma City Thunder,118 - 114
8,12/12/2018 20:30,American Airlines Center,Dallas Mavericks,Atlanta Hawks,114 - 107
8,12/12/2018 21:00,Vivint Smart Home Arena,Utah Jazz,Miami Heat,111 - 84
8,12/12/2018 22:00,Golden 1 Center,Sacramento Kings,Minnesota Timberwolves,141 - 130
8,12/12/2018 22:30,ORACLE Arena,Golden State Warriors,Toronto Raptors,93 - 113
9,13/12/2018 20:00,Toyota Center,Houston Rockets,Los Angeles Lakers,126 - 111
9,13/12/2018 20:30,AT+ACY-T Center,San Antonio Spurs,LA Clippers,125 - 87
9,13/12/2018 21:30,Arena Ciudad de Mexico,Orlando Magic,Chicago Bulls,97 - 91
9,13/12/2018 22:30,Talking Stick Resort Arena,Phoenix Suns,Dallas Mavericks,99 - 89
9,14/12/2018 19:00,TD Garden,Boston Celtics,Atlanta Hawks,129 - 108
9,14/12/2018 19:00,Spectrum Center,Charlotte Hornets,New York Knicks,124 - 126
9,14/12/2018 19:30,Barclays Center,Brooklyn Nets,Washington Wizards,125 - 118
9,14/12/2018 19:30,Quicken Loans Arena,Cleveland Cavaliers,Milwaukee Bucks,102 - 114
9,14/12/2018 19:30,Wells Fargo Center,Philadelphia 76ers,Indiana Pacers,101 - 113
9,14/12/2018 20:00,FedExForum,Memphis Grizzlies,Miami Heat,97 - 100
9,14/12/2018 22:00,Pepsi Center,Denver Nuggets,Oklahoma City Thunder,109 - 98
9,14/12/2018 22:00,Moda Center,Portland Trail Blazers,Toronto Raptors,128 - 122
9,14/12/2018 22:00,Golden 1 Center,Sacramento Kings,Golden State Warriors,125 - 130
9,15/12/2018 17:00,Arena Ciudad de Mexico,Orlando Magic,Utah Jazz,96 - 89
9,15/12/2018 19:00,Spectrum Center,Charlotte Hornets,Los Angeles Lakers,100 - 128
9,15/12/2018 19:00,Little Caesars Arena,Detroit Pistons,Boston Celtics,113 - 104
9,15/12/2018 20:00,FedExForum,Memphis Grizzlies,Houston Rockets,97 - 105
9,15/12/2018 20:30,AT+ACY-T Center,San Antonio Spurs,Chicago Bulls,93 - 98
9,15/12/2018 21:00,Chesapeake Energy Arena,Oklahoma City Thunder,LA Clippers,110 - 104
9,15/12/2018 21:00,Talking Stick Resort Arena,Phoenix Suns,Minnesota Timberwolves,107 - 99
9,16/12/2018 15:00,Barclays Center,Brooklyn Nets,Atlanta Hawks,144 - 127
9,16/12/2018 15:30,Quicken Loans Arena,Cleveland Cavaliers,Philadelphia 76ers,105 - 128
9,16/12/2018 17:00,Bankers Life Fieldhouse,Indiana Pacers,New York Knicks,110 - 99
9,16/12/2018 18:00,Capital One Arena,Washington Wizards,Los Angeles Lakers,128 - 110
9,16/12/2018 19:00,American Airlines Center,Dallas Mavericks,Sacramento Kings,113 - 120
9,16/12/2018 19:00,Smoothie King Center,New Orleans Pelicans,Miami Heat,96 - 102
9,16/12/2018 20:00,Pepsi Center,Denver Nuggets,Toronto Raptors,95 - 86
9,17/12/2018 19:00,Little Caesars Arena,Detroit Pistons,Milwaukee Bucks,104 - 107
9,17/12/2018 19:30,Madison Square Garden,New York Knicks,Phoenix Suns,110 - 128
9,17/12/2018 20:00,Toyota Center,Houston Rockets,Utah Jazz,102 - 97
9,17/12/2018 20:00,Target Center,Minnesota Timberwolves,Sacramento Kings,132 - 105
9,17/12/2018 20:00,Chesapeake Energy Arena,Oklahoma City Thunder,Chicago Bulls,121 - 96
9,17/12/2018 20:30,AT+ACY-T Center,San Antonio Spurs,Philadelphia 76ers,123 - 96
9,17/12/2018 22:30,ORACLE Arena,Golden State Warriors,Memphis Grizzlies,110 - 93
9,17/12/2018 22:30,Staples Center,LA Clippers,Portland Trail Blazers,127 - 131
9,18/12/2018 19:00,Bankers Life Fieldhouse,Indiana Pacers,Cleveland Cavaliers,91 - 92
9,18/12/2018 19:30,State Farm Arena,Atlanta Hawks,Washington Wizards,118 - 110
9,18/12/2018 19:30,Barclays Center,Brooklyn Nets,Los Angeles Lakers,115 - 110
9,18/12/2018 21:00,Pepsi Center,Denver Nuggets,Dallas Mavericks,126 - 118
9,19/12/2018 19:00,Spectrum Center,Charlotte Hornets,Cleveland Cavaliers,110 - 99
9,19/12/2018 19:00,Amway Center,Orlando Magic,San Antonio Spurs,90 - 129
9,19/12/2018 19:00,Wells Fargo Center,Philadelphia 76ers,New York Knicks,131 - 109
9,19/12/2018 19:30,TD Garden,Boston Celtics,Phoenix Suns,103 - 111
9,19/12/2018 19:30,Scotiabank Arena,Toronto Raptors,Indiana Pacers,99 - 96
9,19/12/2018 20:00,United Center,Chicago Bulls,Brooklyn Nets,93 - 96
9,19/12/2018 20:00,Toyota Center,Houston Rockets,Washington Wizards,136 - 118
9,19/12/2018 20:00,Fiserv Forum,Milwaukee Bucks,New Orleans Pelicans,123 - 115
9,19/12/2018 20:00,Target Center,Minnesota Timberwolves,Detroit Pistons,123 - 129
9,19/12/2018 21:00,Vivint Smart Home Arena,Utah Jazz,Golden State Warriors,108 - 103
9,19/12/2018 22:00,Moda Center,Portland Trail Blazers,Memphis Grizzlies,99 - 92
9,19/12/2018 22:00,Golden 1 Center,Sacramento Kings,Oklahoma City Thunder,113 - 132
10,20/12/2018 20:00,AmericanAirlines Arena,Miami Heat,Houston Rockets,101 - 99
10,20/12/2018 22:30,Staples Center,LA Clippers,Dallas Mavericks,125 - 121
10,21/12/2018 19:00,Spectrum Center,Charlotte Hornets,Detroit Pistons,98 - 86
10,21/12/2018 19:00,Scotiabank Arena,Toronto Raptors,Cleveland Cavaliers,126 - 110
10,21/12/2018 19:30,Barclays Center,Brooklyn Nets,Indiana Pacers,106 - 114
10,21/12/2018 19:30,Madison Square Garden,New York Knicks,Atlanta Hawks,107 - 114
10,21/12/2018 20:00,TD Garden,Boston Celtics,Milwaukee Bucks,107 - 120
10,21/12/2018 20:00,United Center,Chicago Bulls,Orlando Magic,90 - 80
10,21/12/2018 20:30,AT+ACY-T Center,San Antonio Spurs,Minnesota Timberwolves,124 - 98
10,21/12/2018 22:00,Moda Center,Portland Trail Blazers,Utah Jazz,90 - 120
10,21/12/2018 22:00,Golden 1 Center,Sacramento Kings,Memphis Grizzlies,102 - 99
10,21/12/2018 22:30,Staples Center,Los Angeles Lakers,New Orleans Pelicans,112 - 104
10,22/12/2018 17:00,Staples Center,LA Clippers,Denver Nuggets,132 - 111
10,22/12/2018 19:00,Capital One Arena,Washington Wizards,Phoenix Suns,149 - 146
10,22/12/2018 19:30,Wells Fargo Center,Philadelphia 76ers,Toronto Raptors,126 - 101
10,22/12/2018 20:00,AmericanAirlines Arena,Miami Heat,Milwaukee Bucks,94 - 87
10,22/12/2018 20:00,Toyota Center,Houston Rockets,San Antonio Spurs,108 - 101
10,22/12/2018 20:30,ORACLE Arena,Golden State Warriors,Dallas Mavericks,120 - 116
10,22/12/2018 21:00,Vivint Smart Home Arena,Utah Jazz,Oklahoma City Thunder,106 - 107
10,23/12/2018 16:00,Little Caesars Arena,Detroit Pistons,Atlanta Hawks,95 - 98
10,23/12/2018 17:00,Bankers Life Fieldhouse,Indiana Pacers,Washington Wizards,105 - 89
10,23/12/2018 18:00,TD Garden,Boston Celtics,Charlotte Hornets,119 - 103
10,23/12/2018 18:00,Barclays Center,Brooklyn Nets,Phoenix Suns,111 - 103
10,23/12/2018 18:00,Quicken Loans Arena,Cleveland Cavaliers,Chicago Bulls,92 - 112
10,23/12/2018 18:00,Amway Center,Orlando Magic,Miami Heat,91 - 115
10,23/12/2018 18:00,Golden 1 Center,Sacramento Kings,New Orleans Pelicans,122 - 117
10,23/12/2018 20:00,Chesapeake Energy Arena,Oklahoma City Thunder,Minnesota Timberwolves,112 - 114
10,23/12/2018 20:30,ORACLE Arena,Golden State Warriors,LA Clippers,129 - 127
10,23/12/2018 21:00,Moda Center,Portland Trail Blazers,Dallas Mavericks,121 - 118
10,23/12/2018 21:30,Staples Center,Los Angeles Lakers,Memphis Grizzlies,99 - 107
10,25/12/2018 12:00,Madison Square Garden,New York Knicks,Milwaukee Bucks,95 - 109
10,25/12/2018 15:00,Toyota Center,Houston Rockets,Oklahoma City Thunder,113 - 109
10,25/12/2018 17:30,TD Garden,Boston Celtics,Philadelphia 76ers,121 - 114
10,25/12/2018 20:00,ORACLE Arena,Golden State Warriors,Los Angeles Lakers,101 - 127
10,25/12/2018 22:30,Vivint Smart Home Arena,Utah Jazz,Portland Trail Blazers,117 - 96
10,26/12/2018 19:00,Little Caesars Arena,Detroit Pistons,Washington Wizards,106 - 95
10,26/12/2018 19:00,Amway Center,Orlando Magic,Phoenix Suns,120 - 122
10,26/12/2018 19:30,State Farm Arena,Atlanta Hawks,Indiana Pacers,121 - 129
10,26/12/2018 19:30,Barclays Center,Brooklyn Nets,Charlotte Hornets,134 - 132
10,26/12/2018 19:30,AmericanAirlines Arena,Miami Heat,Toronto Raptors,104 - 106
10,26/12/2018 20:00,United Center,Chicago Bulls,Minnesota Timberwolves,94 - 119
10,26/12/2018 20:00,FedExForum,Memphis Grizzlies,Cleveland Cavaliers,95 - 87
10,26/12/2018 20:30,American Airlines Center,Dallas Mavericks,New Orleans Pelicans,122 - 119
10,26/12/2018 20:30,AT+ACY-T Center,San Antonio Spurs,Denver Nuggets,111 - 103
10,26/12/2018 22:30,Staples Center,LA Clippers,Sacramento Kings,127 - 118
11,27/12/2018 20:00,Toyota Center,Houston Rockets,Boston Celtics,127 - 113
11,27/12/2018 20:00,Fiserv Forum,Milwaukee Bucks,New York Knicks,112 - 96
11,27/12/2018 22:00,Golden 1 Center,Sacramento Kings,Los Angeles Lakers,117 - 116
11,27/12/2018 22:30,Vivint Smart Home Arena,Utah Jazz,Philadelphia 76ers,97 - 114
11,27/12/2018 22:30,ORACLE Arena,Golden State Warriors,Portland Trail Blazers,109 - 110
11,28/12/2018 19:00,Spectrum Center,Charlotte Hornets,Brooklyn Nets,100 - 87
11,28/12/2018 19:00,Bankers Life Fieldhouse,Indiana Pacers,Detroit Pistons,125 - 88
11,28/12/2018 19:00,Amway Center,Orlando Magic,Toronto Raptors,116 - 87
11,28/12/2018 19:00,Capital One Arena,Washington Wizards,Chicago Bulls,92 - 101
11,28/12/2018 20:00,AmericanAirlines Arena,Miami Heat,Cleveland Cavaliers,118 - 94
11,28/12/2018 20:00,Target Center,Minnesota Timberwolves,Atlanta Hawks,120 - 123
11,28/12/2018 20:00,Smoothie King Center,New Orleans Pelicans,Dallas Mavericks,114 - 112
11,28/12/2018 21:00,Pepsi Center,Denver Nuggets,San Antonio Spurs,102 - 99
11,28/12/2018 21:00,Talking Stick Resort Arena,Phoenix Suns,Oklahoma City Thunder,102 - 118
11,28/12/2018 22:30,Staples Center,Los Angeles Lakers,LA Clippers,107 - 118
11,29/12/2018 17:00,Fiserv Forum,Milwaukee Bucks,Brooklyn Nets,129 - 115
11,29/12/2018 19:00,Smoothie King Center,New Orleans Pelicans,Houston Rockets,104 - 108
11,29/12/2018 19:00,Capital One Arena,Washington Wizards,Charlotte Hornets,130 - 126
11,29/12/2018 19:30,State Farm Arena,Atlanta Hawks,Cleveland Cavaliers,111 - 108
11,29/12/2018 20:00,FedExForum,Memphis Grizzlies,Boston Celtics,103 - 112
11,29/12/2018 20:00,Vivint Smart Home Arena,Utah Jazz,New York Knicks,129 - 97
11,29/12/2018 21:00,Talking Stick Resort Arena,Phoenix Suns,Denver Nuggets,118 - 122
11,29/12/2018 22:00,Moda Center,Portland Trail Blazers,Golden State Warriors,105 - 115
11,29/12/2018 22:30,Staples Center,LA Clippers,San Antonio Spurs,111 - 122
11,30/12/2018 15:30,Amway Center,Orlando Magic,Detroit Pistons,109 - 107
11,30/12/2018 18:00,AmericanAirlines Arena,Miami Heat,Minnesota Timberwolves,104 - 113
11,30/12/2018 18:00,Scotiabank Arena,Toronto Raptors,Chicago Bulls,95 - 89
11,30/12/2018 19:00,American Airlines Center,Dallas Mavericks,Oklahoma City Thunder,105 - 103
11,30/12/2018 21:00,Moda Center,Portland Trail Blazers,Philadelphia 76ers,129 - 95
11,30/12/2018 21:30,Staples Center,Los Angeles Lakers,Sacramento Kings,121 - 114
11,31/12/2018 15:00,Bankers Life Fieldhouse,Indiana Pacers,Atlanta Hawks,116 - 108
11,31/12/2018 18:00,Spectrum Center,Charlotte Hornets,Orlando Magic,125 - 100
11,31/12/2018 19:00,Toyota Center,Houston Rockets,Memphis Grizzlies,113 - 101
11,31/12/2018 19:00,AT+ACY-T Center,San Antonio Spurs,Boston Celtics,120 - 111
11,31/12/2018 20:00,Smoothie King Center,New Orleans Pelicans,Minnesota Timberwolves,123 - 114
11,31/12/2018 20:00,Chesapeake Energy Arena,Oklahoma City Thunder,Dallas Mavericks,122 - 102
11,31/12/2018 21:00,Talking Stick Resort Arena,Phoenix Suns,Golden State Warriors,109 - 132
11,01/01/2019 19:30,Scotiabank Arena,Toronto Raptors,Utah Jazz,122 - 116
11,01/01/2019 20:00,Fiserv Forum,Milwaukee Bucks,Detroit Pistons,121 - 98
11,01/01/2019 21:00,Pepsi Center,Denver Nuggets,New York Knicks,115 - 108
11,01/01/2019 21:00,Golden 1 Center,Sacramento Kings,Portland Trail Blazers,108 - 113
11,01/01/2019 22:30,Staples Center,LA Clippers,Philadelphia 76ers,113 - 119
11,02/01/2019 19:00,Spectrum Center,Charlotte Hornets,Dallas Mavericks,84 - 122
11,02/01/2019 19:00,Quicken Loans Arena,Cleveland Cavaliers,Miami Heat,92 - 117
11,02/01/2019 19:00,Capital One Arena,Washington Wizards,Atlanta Hawks,114 - 98
11,02/01/2019 19:30,Barclays Center,Brooklyn Nets,New Orleans Pelicans,126 - 121
11,02/01/2019 20:00,TD Garden,Boston Celtics,Minnesota Timberwolves,115 - 102
11,02/01/2019 20:00,United Center,Chicago Bulls,Orlando Magic,84 - 112
11,02/01/2019 20:00,FedExForum,Memphis Grizzlies,Detroit Pistons,94 - 101
11,02/01/2019 21:00,Talking Stick Resort Arena,Phoenix Suns,Philadelphia 76ers,127 - 132
11,02/01/2019 22:30,Staples Center,Los Angeles Lakers,Oklahoma City Thunder,100 - 107
12,03/01/2019 20:00,AT+ACY-T Center,San Antonio Spurs,Toronto Raptors,125 - 107
12,03/01/2019 22:00,Golden 1 Center,Sacramento Kings,Denver Nuggets,113 - 117
12,03/01/2019 22:30,ORACLE Arena,Golden State Warriors,Houston Rockets,134 - 135
12,04/01/2019 19:30,Quicken Loans Arena,Cleveland Cavaliers,Utah Jazz,91 - 117
12,04/01/2019 20:00,TD Garden,Boston Celtics,Dallas Mavericks,114 - 93
12,04/01/2019 20:00,AmericanAirlines Arena,Miami Heat,Washington Wizards,115 - 109
12,04/01/2019 20:00,United Center,Chicago Bulls,Indiana Pacers,116 - 119
12,04/01/2019 20:00,FedExForum,Memphis Grizzlies,Brooklyn Nets,100 - 109
12,04/01/2019 20:00,Target Center,Minnesota Timberwolves,Orlando Magic,120 - 103
12,04/01/2019 20:30,Fiserv Forum,Milwaukee Bucks,Atlanta Hawks,144 - 112
12,04/01/2019 21:00,Talking Stick Resort Arena,Phoenix Suns,LA Clippers,111 - 121
12,04/01/2019 22:30,Staples Center,Los Angeles Lakers,New York Knicks,112 - 119
12,04/01/2019 22:30,Moda Center,Portland Trail Blazers,Oklahoma City Thunder,109 - 111
12,05/01/2019 17:00,Pepsi Center,Denver Nuggets,Charlotte Hornets,123 - 110
12,05/01/2019 19:00,Little Caesars Arena,Detroit Pistons,Utah Jazz,105 - 110
12,05/01/2019 19:30,Wells Fargo Center,Philadelphia 76ers,Dallas Mavericks,106 - 100
12,05/01/2019 20:00,Quicken Loans Arena,Cleveland Cavaliers,New Orleans Pelicans,98 - 133
12,05/01/2019 20:30,Fiserv Forum,Milwaukee Bucks,Toronto Raptors,116 - 123
12,05/01/2019 20:30,AT+ACY-T Center,San Antonio Spurs,Memphis Grizzlies,108 - 88
12,05/01/2019 22:00,Moda Center,Portland Trail Blazers,Houston Rockets,110 - 101
12,05/01/2019 22:00,Golden 1 Center,Sacramento Kings,Golden State Warriors,123 - 127
12,06/01/2019 15:30,United Center,Chicago Bulls,Brooklyn Nets,100 - 117
12,06/01/2019 15:30,Target Center,Minnesota Timberwolves,Los Angeles Lakers,108 - 86
12,06/01/2019 15:30,Staples Center,LA Clippers,Orlando Magic,106 - 96
12,06/01/2019 18:00,State Farm Arena,Atlanta Hawks,Miami Heat,106 - 82
12,06/01/2019 19:00,Chesapeake Energy Arena,Oklahoma City Thunder,Washington Wizards,98 - 116
12,06/01/2019 19:30,Scotiabank Arena,Toronto Raptors,Indiana Pacers,121 - 105
12,06/01/2019 20:00,Talking Stick Resort Arena,Phoenix Suns,Charlotte Hornets,113 - 119
12,07/01/2019 19:00,Little Caesars Arena,Detroit Pistons,San Antonio Spurs,107 - 119
12,07/01/2019 19:30,TD Garden,Boston Celtics,Brooklyn Nets,116 - 95
12,07/01/2019 20:00,Toyota Center,Houston Rockets,Denver Nuggets,125 - 113
12,07/01/2019 20:00,Fiserv Forum,Milwaukee Bucks,Utah Jazz,114 - 102
12,07/01/2019 20:00,Smoothie King Center,New Orleans Pelicans,Memphis Grizzlies,114 - 95
12,07/01/2019 20:30,American Airlines Center,Dallas Mavericks,Los Angeles Lakers,97 - 107
12,07/01/2019 22:00,Moda Center,Portland Trail Blazers,New York Knicks,111 - 101
12,07/01/2019 22:00,Golden 1 Center,Sacramento Kings,Orlando Magic,111 - 95
12,08/01/2019 19:00,Quicken Loans Arena,Cleveland Cavaliers,Indiana Pacers,15 - 123
12,08/01/2019 19:00,Wells Fargo Center,Philadelphia 76ers,Washington Wizards,132 - 115
12,08/01/2019 19:30,AmericanAirlines Arena,Miami Heat,Denver Nuggets,99 - 103
12,08/01/2019 19:30,Scotiabank Arena,Toronto Raptors,Atlanta Hawks,104 - 101
12,08/01/2019 20:00,Chesapeake Energy Arena,Oklahoma City Thunder,Minnesota Timberwolves,117 - 119
12,08/01/2019 21:00,Talking Stick Resort Arena,Phoenix Suns,Sacramento Kings,115 - 111
12,08/01/2019 22:30,ORACLE Arena,Golden State Warriors,New York Knicks,122 - 95
12,08/01/2019 22:30,Staples Center,LA Clippers,Charlotte Hornets,128 - 109
12,09/01/2019 19:00,TD Garden,Boston Celtics,Indiana Pacers,135 - 108
12,09/01/2019 19:00,Capital One Arena,Washington Wizards,Philadelphia 76ers,123 - 106
12,09/01/2019 19:30,Barclays Center,Brooklyn Nets,Atlanta Hawks,116 - 100
12,09/01/2019 20:00,Toyota Center,Houston Rockets,Milwaukee Bucks,109 - 116
12,09/01/2019 20:00,FedExForum,Memphis Grizzlies,San Antonio Spurs,96 - 86
12,09/01/2019 20:00,Smoothie King Center,New Orleans Pelicans,Cleveland Cavaliers,140 - 124
12,09/01/2019 20:30,American Airlines Center,Dallas Mavericks,Phoenix Suns,104 - 94
12,09/01/2019 21:00,Vivint Smart Home Arena,Utah Jazz,Orlando Magic,106 - 93
12,09/01/2019 22:00,Moda Center,Portland Trail Blazers,Chicago Bulls,124 - 112
12,09/01/2019 22:30,Staples Center,Los Angeles Lakers,Detroit Pistons,113 - 100
13,10/01/2019 19:00,AmericanAirlines Arena,Miami Heat,Boston Celtics,115 - 99
13,10/01/2019 21:00,Pepsi Center,Denver Nuggets,LA Clippers,121 - 100
13,10/01/2019 21:30,AT+ACY-T Center,San Antonio Spurs,Oklahoma City Thunder,154 - 147
13,10/01/2019 22:00,Golden 1 Center,Sacramento Kings,Detroit Pistons,112 - 102
13,11/01/2019 19:00,Wells Fargo Center,Philadelphia 76ers,Atlanta Hawks,121 - 123
13,11/01/2019 19:00,Capital One Arena,Washington Wizards,Milwaukee Bucks,113 - 106
13,11/01/2019 19:30,Madison Square Garden,New York Knicks,Indiana Pacers,106 - 121
13,11/01/2019 19:30,Scotiabank Arena,Toronto Raptors,Brooklyn Nets,122 - 105
13,11/01/2019 20:00,Toyota Center,Houston Rockets,Cleveland Cavaliers,141 - 113
13,11/01/2019 20:00,Target Center,Minnesota Timberwolves,Dallas Mavericks,115 - 119
13,11/01/2019 22:00,Vivint Smart Home Arena,Utah Jazz,Los Angeles Lakers,113 - 95
13,11/01/2019 22:00,Moda Center,Portland Trail Blazers,Charlotte Hornets,127 - 96
13,11/01/2019 22:30,ORACLE Arena,Golden State Warriors,Chicago Bulls,146 - 109
13,12/01/2019 15:30,Staples Center,LA Clippers,Detroit Pistons,104 - 109
13,12/01/2019 17:00,AmericanAirlines Arena,Miami Heat,Memphis Grizzlies,112 - 108
13,12/01/2019 19:00,Amway Center,Orlando Magic,Boston Celtics,105 - 103
13,12/01/2019 20:00,Target Center,Minnesota Timberwolves,New Orleans Pelicans,110 - 106
13,12/01/2019 20:00,Chesapeake Energy Arena,Oklahoma City Thunder,San Antonio Spurs,122 - 112
13,12/01/2019 21:00,Talking Stick Resort Arena,Phoenix Suns,Denver Nuggets,102 - 93
13,12/01/2019 22:00,Golden 1 Center,Sacramento Kings,Charlotte Hornets,104 - 97
13,12/01/2019 22:00,Vivint Smart Home Arena,Utah Jazz,Chicago Bulls,110 - 102
13,13/01/2019 13:00,Madison Square Garden,New York Knicks,Philadelphia 76ers,105 - 108
13,13/01/2019 13:00,Capital One Arena,Washington Wizards,Toronto Raptors,138 - 140
13,13/01/2019 15:30,State Farm Arena,Atlanta Hawks,Milwaukee Bucks,114 - 133
13,13/01/2019 18:00,Amway Center,Orlando Magic,Houston Rockets,116 - 109
13,13/01/2019 19:00,American Airlines Center,Dallas Mavericks,Golden State Warriors,114 - 119
13,13/01/2019 20:00,Pepsi Center,Denver Nuggets,Portland Trail Blazers,116 - 113
13,13/01/2019 21:30,Staples Center,Los Angeles Lakers,Cleveland Cavaliers,95 - 101
13,14/01/2019 19:30,Barclays Center,Brooklyn Nets,Boston Celtics,109 - 102
13,14/01/2019 20:00,Toyota Center,Houston Rockets,Memphis Grizzlies,112 - 94
13,14/01/2019 20:30,AT+ACY-T Center,San Antonio Spurs,Charlotte Hornets,93 - 108
13,14/01/2019 21:00,Vivint Smart Home Arena,Utah Jazz,Detroit Pistons,100 - 94
13,14/01/2019 22:00,Golden 1 Center,Sacramento Kings,Portland Trail Blazers,115 - 107
13,14/01/2019 22:30,Staples Center,LA Clippers,New Orleans Pelicans,117 - 121
13,15/01/2019 19:00,Bankers Life Fieldhouse,Indiana Pacers,Phoenix Suns,131 - 97
13,15/01/2019 19:00,Wells Fargo Center,Philadelphia 76ers,Minnesota Timberwolves,149 - 107
13,15/01/2019 19:30,State Farm Arena,Atlanta Hawks,Oklahoma City Thunder,142 - 126
13,15/01/2019 20:00,Fiserv Forum,Milwaukee Bucks,Miami Heat,124 - 86
13,15/01/2019 21:00,Pepsi Center,Denver Nuggets,Golden State Warriors,111 - 142
13,15/01/2019 22:30,Staples Center,Los Angeles Lakers,Chicago Bulls,107 - 100
13,16/01/2019 19:00,Little Caesars Arena,Detroit Pistons,Orlando Magic,120 - 115
13,16/01/2019 20:00,TD Garden,Boston Celtics,Toronto Raptors,117 - 108
13,16/01/2019 20:00,Toyota Center,Houston Rockets,Brooklyn Nets,142 - 145
13,16/01/2019 20:00,FedExForum,Memphis Grizzlies,Milwaukee Bucks,101 - 111
13,16/01/2019 20:30,American Airlines Center,Dallas Mavericks,San Antonio Spurs,101 - 105
13,16/01/2019 22:00,Moda Center,Portland Trail Blazers,Cleveland Cavaliers,129 - 112
13,16/01/2019 22:30,ORACLE Arena,Golden State Warriors,New Orleans Pelicans,147 - 140
13,16/01/2019 22:30,Staples Center,LA Clippers,Utah Jazz,109 - 129
13,17/01/2019 15:00,The O2 Arena,Washington Wizards,New York Knicks,101 - 100
14,17/01/2019 19:00,Spectrum Center,Charlotte Hornets,Sacramento Kings,114 - 95
14,17/01/2019 19:00,Bankers Life Fieldhouse,Indiana Pacers,Philadelphia 76ers,96 - 120
14,17/01/2019 19:30,Scotiabank Arena,Toronto Raptors,Phoenix Suns,111 - 109
14,17/01/2019 21:00,Pepsi Center,Denver Nuggets,Chicago Bulls,135 - 105
14,17/01/2019 21:30,Chesapeake Energy Arena,Oklahoma City Thunder,Los Angeles Lakers,128 - 138
14,18/01/2019 19:00,TD Garden,Boston Celtics,Memphis Grizzlies,122 - 116
14,18/01/2019 19:00,Little Caesars Arena,Detroit Pistons,Miami Heat,98 - 93
14,18/01/2019 19:00,Amway Center,Orlando Magic,Brooklyn Nets,115 - 117
14,18/01/2019 20:00,Target Center,Minnesota Timberwolves,San Antonio Spurs,113 - 116
14,18/01/2019 21:00,Vivint Smart Home Arena,Utah Jazz,Cleveland Cavaliers,115 - 99
14,18/01/2019 22:30,Staples Center,LA Clippers,Golden State Warriors,94 - 112
14,18/01/2019 22:30,Moda Center,Portland Trail Blazers,New Orleans Pelicans,128 - 112
14,19/01/2019 15:30,Wells Fargo Center,Philadelphia 76ers,Oklahoma City Thunder,115 - 117
14,19/01/2019 17:00,Spectrum Center,Charlotte Hornets,Phoenix Suns,135 - 115
14,19/01/2019 19:00,Little Caesars Arena,Detroit Pistons,Sacramento Kings,101 - 103
14,19/01/2019 19:00,Bankers Life Fieldhouse,Indiana Pacers,Dallas Mavericks,111 - 99
14,19/01/2019 19:00,Amway Center,Orlando Magic,Milwaukee Bucks,108 - 118
14,19/01/2019 19:30,State Farm Arena,Atlanta Hawks,Boston Celtics,105 - 113
14,19/01/2019 19:30,Scotiabank Arena,Toronto Raptors,Memphis Grizzlies,119 - 90
14,19/01/2019 20:00,United Center,Chicago Bulls,Miami Heat,103 - 117
14,19/01/2019 20:30,Toyota Center,Houston Rockets,Los Angeles Lakers,138 - 134
14,19/01/2019 22:00,Pepsi Center,Denver Nuggets,Cleveland Cavaliers,124 - 102
14,20/01/2019 18:00,Bankers Life Fieldhouse,Indiana Pacers,Charlotte Hornets,120 - 95
14,20/01/2019 19:00,Target Center,Minnesota Timberwolves,Phoenix Suns,116 - 114
14,20/01/2019 19:00,AT+ACY-T Center,San Antonio Spurs,LA Clippers,95 - 103
14,21/01/2019 12:30,Madison Square Garden,New York Knicks,Oklahoma City Thunder,109 - 127
14,21/01/2019 13:00,Quicken Loans Arena,Cleveland Cavaliers,Chicago Bulls,88 - 104
14,21/01/2019 14:00,Capital One Arena,Washington Wizards,Detroit Pistons,101 - 87
14,21/01/2019 14:00,Fiserv Forum,Milwaukee Bucks,Dallas Mavericks,116 - 106
14,21/01/2019 15:00,State Farm Arena,Atlanta Hawks,Orlando Magic,103 - 122
14,21/01/2019 15:30,Barclays Center,Brooklyn Nets,Sacramento Kings,123 - 94
14,21/01/2019 17:30,FedExForum,Memphis Grizzlies,New Orleans Pelicans,85 - 105
14,21/01/2019 18:00,TD Garden,Boston Celtics,Miami Heat,107 - 99
14,21/01/2019 20:00,Wells Fargo Center,Philadelphia 76ers,Houston Rockets,121 - 93
14,21/01/2019 21:00,Vivint Smart Home Arena,Utah Jazz,Portland Trail Blazers,104 - 109
14,21/01/2019 22:30,Staples Center,Los Angeles Lakers,Golden State Warriors,111 - 130
14,22/01/2019 19:00,Scotiabank Arena,Toronto Raptors,Sacramento Kings,120 - 105
14,22/01/2019 20:00,Chesapeake Energy Arena,Oklahoma City Thunder,Portland Trail Blazers,123 - 114
14,22/01/2019 20:30,American Airlines Center,Dallas Mavericks,LA Clippers,106 - 98
14,22/01/2019 21:00,Talking Stick Resort Arena,Phoenix Suns,Minnesota Timberwolves,91 - 118
14,23/01/2019 19:00,Bankers Life Fieldhouse,Indiana Pacers,Toronto Raptors,110 - 106
14,23/01/2019 19:30,TD Garden,Boston Celtics,Cleveland Cavaliers,123 - 103
14,23/01/2019 19:30,Barclays Center,Brooklyn Nets,Orlando Magic,114 - 110
14,23/01/2019 19:30,AmericanAirlines Arena,Miami Heat,LA Clippers,99 - 111
14,23/01/2019 19:30,Madison Square Garden,New York Knicks,Houston Rockets,110 - 114
14,23/01/2019 20:00,Wells Fargo Center,Philadelphia 76ers,San Antonio Spurs,122 - 120
14,23/01/2019 20:00,United Center,Chicago Bulls,Atlanta Hawks,101 - 121
14,23/01/2019 20:00,FedExForum,Memphis Grizzlies,Charlotte Hornets,107 - 118
14,23/01/2019 20:00,Smoothie King Center,New Orleans Pelicans,Detroit Pistons,94 - 98
14,23/01/2019 22:30,Vivint Smart Home Arena,Utah Jazz,Denver Nuggets,114 - 108
15,24/01/2019 20:00,Capital One Arena,Washington Wizards,Golden State Warriors,118 - 126
15,24/01/2019 20:00,Chesapeake Energy Arena,Oklahoma City Thunder,New Orleans Pelicans,122 - 116
15,24/01/2019 21:00,Talking Stick Resort Arena,Phoenix Suns,Portland Trail Blazers,106 - 120
15,24/01/2019 22:30,Staples Center,Los Angeles Lakers,Minnesota Timberwolves,105 - 120
15,25/01/2019 19:00,Amway Center,Orlando Magic,Washington Wizards,91 - 95
15,25/01/2019 19:30,Barclays Center,Brooklyn Nets,New York Knicks,109 - 99
15,25/01/2019 19:30,Quicken Loans Arena,Cleveland Cavaliers,Miami Heat,94 - 100
15,25/01/2019 20:00,United Center,Chicago Bulls,LA Clippers,101 - 106
15,25/01/2019 20:00,Toyota Center,Houston Rockets,Toronto Raptors,121 - 119
15,25/01/2019 20:00,FedExForum,Memphis Grizzlies,Sacramento Kings,96 - 99
15,25/01/2019 20:30,American Airlines Center,Dallas Mavericks,Detroit Pistons,106 - 101
15,25/01/2019 20:30,Fiserv Forum,Milwaukee Bucks,Charlotte Hornets,108 - 99
15,25/01/2019 21:00,Pepsi Center,Denver Nuggets,Phoenix Suns,132 - 95
15,25/01/2019 21:00,Vivint Smart Home Arena,Utah Jazz,Minnesota Timberwolves,106 - 102
15,26/01/2019 18:00,Smoothie King Center,New Orleans Pelicans,San Antonio Spurs,114 - 126
15,26/01/2019 20:00,FedExForum,Memphis Grizzlies,Indiana Pacers,106 - 103
15,26/01/2019 20:30,TD Garden,Boston Celtics,Golden State Warriors,111 - 115
15,26/01/2019 21:00,Pepsi Center,Denver Nuggets,Philadelphia 76ers,126 - 110
15,26/01/2019 22:00,Moda Center,Portland Trail Blazers,Atlanta Hawks,120 - 111
15,27/01/2019 15:30,United Center,Chicago Bulls,Cleveland Cavaliers,101 - 104
15,27/01/2019 15:30,Staples Center,LA Clippers,Sacramento Kings,122 - 108
15,27/01/2019 18:00,Chesapeake Energy Arena,Oklahoma City Thunder,Milwaukee Bucks,118 - 112
15,27/01/2019 19:00,Toyota Center,Houston Rockets,Orlando Magic,103 - 98
15,27/01/2019 19:00,American Airlines Center,Dallas Mavericks,Toronto Raptors,120 - 123
15,27/01/2019 19:00,Target Center,Minnesota Timberwolves,Utah Jazz,111 - 125
15,27/01/2019 19:00,AT+ACY-T Center,San Antonio Spurs,Washington Wizards,132 - 119
15,27/01/2019 19:30,Madison Square Garden,New York Knicks,Miami Heat,97 - 106
15,27/01/2019 21:30,Staples Center,Los Angeles Lakers,Phoenix Suns,116 - 102
15,28/01/2019 19:00,Spectrum Center,Charlotte Hornets,New York Knicks,101 - 92
15,28/01/2019 19:00,Bankers Life Fieldhouse,Indiana Pacers,Golden State Warriors,100 - 132
15,28/01/2019 19:30,TD Garden,Boston Celtics,Brooklyn Nets,112 - 104
15,28/01/2019 20:00,FedExForum,Memphis Grizzlies,Denver Nuggets,92 - 95
15,28/01/2019 22:30,Staples Center,LA Clippers,Atlanta Hawks,118 - 123
15,29/01/2019 19:00,Quicken Loans Arena,Cleveland Cavaliers,Washington Wizards,116 - 113
15,29/01/2019 19:00,Little Caesars Arena,Detroit Pistons,Milwaukee Bucks,105 - 115
15,29/01/2019 19:00,Amway Center,Orlando Magic,Oklahoma City Thunder,117 - 126
15,29/01/2019 19:30,Barclays Center,Brooklyn Nets,Chicago Bulls,122 - 117
15,29/01/2019 20:00,Toyota Center,Houston Rockets,New Orleans Pelicans,116 - 121
15,29/01/2019 20:30,AT+ACY-T Center,San Antonio Spurs,Phoenix Suns,126 - 124
15,29/01/2019 22:30,Staples Center,Los Angeles Lakers,Philadelphia 76ers,105 - 121
15,30/01/2019 19:30,TD Garden,Boston Celtics,Charlotte Hornets,126 - 94
15,30/01/2019 19:30,AmericanAirlines Arena,Miami Heat,Chicago Bulls,89 - 105
15,30/01/2019 19:30,Madison Square Garden,New York Knicks,Dallas Mavericks,90 - 114
15,30/01/2019 20:00,Capital One Arena,Washington Wizards,Indiana Pacers,107 - 89
15,30/01/2019 20:00,Target Center,Minnesota Timberwolves,Memphis Grizzlies,99 - 97
15,30/01/2019 20:00,Smoothie King Center,New Orleans Pelicans,Denver Nuggets,99 - 105
15,30/01/2019 22:00,Golden 1 Center,Sacramento Kings,Atlanta Hawks,135 - 113
15,30/01/2019 22:30,Moda Center,Portland Trail Blazers,Utah Jazz,132 - 105
16,31/01/2019 19:00,Little Caesars Arena,Detroit Pistons,Dallas Mavericks,93 - 89
16,31/01/2019 19:00,Amway Center,Orlando Magic,Indiana Pacers,107 - 100
16,31/01/2019 20:00,Scotiabank Arena,Toronto Raptors,Milwaukee Bucks,92 - 105
16,31/01/2019 20:30,AT+ACY-T Center,San Antonio Spurs,Brooklyn Nets,117 - 114
16,31/01/2019 22:30,ORACLE Arena,Golden State Warriors,Philadelphia 76ers,104 - 113
16,31/01/2019 22:30,Staples Center,LA Clippers,Los Angeles Lakers,120 - 123
16,01/02/2019 19:00,Spectrum Center,Charlotte Hornets,Memphis Grizzlies,100 - 92
16,01/02/2019 19:30,Madison Square Garden,New York Knicks,Boston Celtics,99 - 113
16,01/02/2019 20:00,AmericanAirlines Arena,Miami Heat,Oklahoma City Thunder,102 - 118
16,01/02/2019 21:00,Vivint Smart Home Arena,Utah Jazz,Atlanta Hawks,128 - 112
16,01/02/2019 22:00,Pepsi Center,Denver Nuggets,Houston Rockets,136 - 122
16,02/02/2019 17:00,Little Caesars Arena,Detroit Pistons,LA Clippers,101 - 111
16,02/02/2019 19:00,Spectrum Center,Charlotte Hornets,Chicago Bulls,125 - 118
16,02/02/2019 19:00,Amway Center,Orlando Magic,Brooklyn Nets,102 - 89
16,02/02/2019 19:00,Capital One Arena,Washington Wizards,Milwaukee Bucks,115 - 131
16,02/02/2019 19:30,Quicken Loans Arena,Cleveland Cavaliers,Dallas Mavericks,98 - 111
16,02/02/2019 19:30,AmericanAirlines Arena,Miami Heat,Indiana Pacers,88 - 95
16,02/02/2019 20:30,AT+ACY-T Center,San Antonio Spurs,New Orleans Pelicans,113 - 108
16,02/02/2019 20:30,ORACLE Arena,Golden State Warriors,Los Angeles Lakers,115 - 101
16,02/02/2019 21:00,Target Center,Minnesota Timberwolves,Denver Nuggets,106 - 107
16,02/02/2019 21:00,Talking Stick Resort Arena,Phoenix Suns,Atlanta Hawks,112 - 118
16,02/02/2019 21:00,Vivint Smart Home Arena,Utah Jazz,Houston Rockets,98 - 125
16,02/02/2019 22:00,Golden 1 Center,Sacramento Kings,Philadelphia 76ers,115 - 108
16,03/02/2019 13:00,Madison Square Garden,New York Knicks,Memphis Grizzlies,84 - 96
16,03/02/2019 14:00,TD Garden,Boston Celtics,Oklahoma City Thunder,134 - 129
16,03/02/2019 15:00,Scotiabank Arena,Toronto Raptors,LA Clippers,121 - 103
16,04/02/2019 19:00,Little Caesars Arena,Detroit Pistons,Denver Nuggets,129 - 103
16,04/02/2019 19:00,Capital One Arena,Washington Wizards,Atlanta Hawks,129 - 137
16,04/02/2019 19:30,Barclays Center,Brooklyn Nets,Milwaukee Bucks,94 - 113
16,04/02/2019 20:00,Smoothie King Center,New Orleans Pelicans,Indiana Pacers,107 - 109
16,04/02/2019 21:00,Talking Stick Resort Arena,Phoenix Suns,Houston Rockets,110 - 118
16,04/02/2019 22:00,Golden 1 Center,Sacramento Kings,San Antonio Spurs,127 - 112
16,05/02/2019 19:00,Spectrum Center,Charlotte Hornets,LA Clippers,115 - 117
16,05/02/2019 19:00,Quicken Loans Arena,Cleveland Cavaliers,Boston Celtics,96 - 103
16,05/02/2019 19:00,Bankers Life Fieldhouse,Indiana Pacers,Los Angeles Lakers,136 - 94
16,05/02/2019 19:30,Madison Square Garden,New York Knicks,Detroit Pistons,92 - 105
16,05/02/2019 20:00,Wells Fargo Center,Philadelphia 76ers,Toronto Raptors,107 - 119
16,05/02/2019 20:00,FedExForum,Memphis Grizzlies,Minnesota Timberwolves,108 - 106
16,05/02/2019 20:00,Chesapeake Energy Arena,Oklahoma City Thunder,Orlando Magic,132 - 122
16,05/02/2019 22:30,Moda Center,Portland Trail Blazers,Miami Heat,108 - 118
16,06/02/2019 19:30,Barclays Center,Brooklyn Nets,Denver Nuggets,135 - 130
16,06/02/2019 20:00,United Center,Chicago Bulls,New Orleans Pelicans,120 - 125
16,06/02/2019 20:00,Fiserv Forum,Milwaukee Bucks,Washington Wizards,148 - 129
16,06/02/2019 20:30,American Airlines Center,Dallas Mavericks,Charlotte Hornets,99 - 93
16,06/02/2019 21:00,Vivint Smart Home Arena,Utah Jazz,Phoenix Suns,116 - 88
16,06/02/2019 22:00,Golden 1 Center,Sacramento Kings,Houston Rockets,101 - 127
16,06/02/2019 22:30,ORACLE Arena,Golden State Warriors,San Antonio Spurs,141 - 102
17,07/02/2019 19:00,Bankers Life Fieldhouse,Indiana Pacers,LA Clippers,116 - 92
17,07/02/2019 19:00,Amway Center,Orlando Magic,Minnesota Timberwolves,122 - 112
17,07/02/2019 19:30,State Farm Arena,Atlanta Hawks,Toronto Raptors,101 - 119
17,07/02/2019 20:00,TD Garden,Boston Celtics,Los Angeles Lakers,128 - 129
17,07/02/2019 20:00,Chesapeake Energy Arena,Oklahoma City Thunder,Memphis Grizzlies,117 - 95
17,07/02/2019 22:30,Moda Center,Portland Trail Blazers,San Antonio Spurs,127 - 118
17,08/02/2019 19:00,Little Caesars Arena,Detroit Pistons,New York Knicks,120 - 103
17,08/02/2019 19:00,Wells Fargo Center,Philadelphia 76ers,Denver Nuggets,117 - 110
17,08/02/2019 19:00,Capital One Arena,Washington Wizards,Cleveland Cavaliers,119 - 106
17,08/02/2019 19:30,Barclays Center,Brooklyn Nets,Chicago Bulls,106 - 125
17,08/02/2019 20:30,American Airlines Center,Dallas Mavericks,Milwaukee Bucks,107 - 122
17,08/02/2019 21:00,Talking Stick Resort Arena,Phoenix Suns,Golden State Warriors,107 - 117
17,08/02/2019 21:30,Smoothie King Center,New Orleans Pelicans,Minnesota Timberwolves,122 - 117
17,08/02/2019 22:00,Golden 1 Center,Sacramento Kings,Miami Heat,102 - 96
17,09/02/2019 17:00,Vivint Smart Home Arena,Utah Jazz,San Antonio Spurs,125 - 105
17,09/02/2019 19:00,Bankers Life Fieldhouse,Indiana Pacers,Cleveland Cavaliers,105 - 90
17,09/02/2019 19:30,State Farm Arena,Atlanta Hawks,Charlotte Hornets,120 - 129
17,09/02/2019 19:30,Madison Square Garden,New York Knicks,Toronto Raptors,99 - 104
17,09/02/2019 20:00,TD Garden,Boston Celtics,LA Clippers,112 - 123
17,09/02/2019 20:00,United Center,Chicago Bulls,Washington Wizards,125 - 134
17,09/02/2019 20:00,FedExForum,Memphis Grizzlies,New Orleans Pelicans,99 - 90
17,09/02/2019 20:30,Toyota Center,Houston Rockets,Oklahoma City Thunder,112 - 117
17,09/02/2019 21:00,Fiserv Forum,Milwaukee Bucks,Orlando Magic,83 - 103
17,10/02/2019 15:00,American Airlines Center,Dallas Mavericks,Portland Trail Blazers,102 - 101
17,10/02/2019 15:30,Wells Fargo Center,Philadelphia 76ers,Los Angeles Lakers,143 - 120
17,10/02/2019 18:00,Golden 1 Center,Sacramento Kings,Phoenix Suns,117 - 104
17,10/02/2019 19:30,State Farm Arena,Atlanta Hawks,Orlando Magic,108 - 124
17,10/02/2019 20:30,ORACLE Arena,Golden State Warriors,Miami Heat,120 - 118
17,11/02/2019 19:00,Quicken Loans Arena,Cleveland Cavaliers,New York Knicks,107 - 104
17,11/02/2019 19:00,Little Caesars Arena,Detroit Pistons,Washington Wizards,121 - 112
17,11/02/2019 19:00,Bankers Life Fieldhouse,Indiana Pacers,Charlotte Hornets,99 - 90
17,11/02/2019 19:30,Scotiabank Arena,Toronto Raptors,Brooklyn Nets,127 - 125
17,11/02/2019 20:00,United Center,Chicago Bulls,Milwaukee Bucks,99 - 112
17,11/02/2019 20:00,Toyota Center,Houston Rockets,Dallas Mavericks,120 - 104
17,11/02/2019 20:00,Target Center,Minnesota Timberwolves,LA Clippers,130 - 120
17,11/02/2019 20:00,Chesapeake Energy Arena,Oklahoma City Thunder,Portland Trail Blazers,120 - 111
17,11/02/2019 21:00,Pepsi Center,Denver Nuggets,Miami Heat,103 - 87
17,12/02/2019 19:30,State Farm Arena,Atlanta Hawks,Los Angeles Lakers,117 - 113
17,12/02/2019 20:00,Wells Fargo Center,Philadelphia 76ers,Boston Celtics,109 - 112
17,12/02/2019 20:00,FedExForum,Memphis Grizzlies,San Antonio Spurs,107 - 108
17,12/02/2019 20:00,Smoothie King Center,New Orleans Pelicans,Orlando Magic,88 - 118
17,12/02/2019 22:30,ORACLE Arena,Golden State Warriors,Utah Jazz,115 - 108
17,13/02/2019 19:00,Quicken Loans Arena,Cleveland Cavaliers,Brooklyn Nets,139 - 148
17,13/02/2019 19:00,Bankers Life Fieldhouse,Indiana Pacers,Milwaukee Bucks,97 - 106
17,13/02/2019 19:30,TD Garden,Boston Celtics,Detroit Pistons,118 - 110
17,13/02/2019 19:30,Madison Square Garden,New York Knicks,Philadelphia 76ers,111 - 126
17,13/02/2019 19:30,Scotiabank Arena,Toronto Raptors,Washington Wizards,129 - 120
17,13/02/2019 20:00,United Center,Chicago Bulls,Memphis Grizzlies,122 - 110
17,13/02/2019 20:00,Target Center,Minnesota Timberwolves,Houston Rockets,121 - 111
17,13/02/2019 20:30,American Airlines Center,Dallas Mavericks,Miami Heat,101 - 112
17,13/02/2019 21:00,Pepsi Center,Denver Nuggets,Sacramento Kings,120 - 118
17,13/02/2019 22:30,Moda Center,Portland Trail Blazers,Golden State Warriors,129 - 107
17,13/02/2019 22:30,Staples Center,LA Clippers,Phoenix Suns,134 - 107
17,14/02/2019 19:00,Amway Center,Orlando Magic,Charlotte Hornets,127 - 89
17,14/02/2019 19:30,State Farm Arena,Atlanta Hawks,New York Knicks,91 - 106
17,14/02/2019 20:00,Smoothie King Center,New Orleans Pelicans,Oklahoma City Thunder,131 - 122
18,21/02/2019 19:00,Quicken Loans Arena,Cleveland Cavaliers,Phoenix Suns,111 - 98
18,21/02/2019 19:00,Wells Fargo Center,Philadelphia 76ers,Miami Heat,106 - 102
18,21/02/2019 19:30,Barclays Center,Brooklyn Nets,Portland Trail Blazers,99 - 113
18,21/02/2019 20:00,Fiserv Forum,Milwaukee Bucks,Boston Celtics,98 - 97
18,21/02/2019 22:30,ORACLE Arena,Golden State Warriors,Sacramento Kings,125 - 123
18,21/02/2019 22:30,Staples Center,Los Angeles Lakers,Houston Rockets,111 - 106
18,22/02/2019 19:00,Spectrum Center,Charlotte Hornets,Washington Wizards,123 - 110
18,22/02/2019 19:00,Bankers Life Fieldhouse,Indiana Pacers,New Orleans Pelicans,126 - 111
18,22/02/2019 19:00,Amway Center,Orlando Magic,Chicago Bulls,109 - 110
18,22/02/2019 19:00,Scotiabank Arena,Toronto Raptors,San Antonio Spurs,120 - 117
18,22/02/2019 19:30,State Farm Arena,Atlanta Hawks,Detroit Pistons,122 - 125
18,22/02/2019 19:30,Madison Square Garden,New York Knicks,Minnesota Timberwolves,104 - 115
18,22/02/2019 20:00,FedExForum,Memphis Grizzlies,LA Clippers,106 - 112
18,22/02/2019 20:30,American Airlines Center,Dallas Mavericks,Denver Nuggets,104 - 114
18,22/02/2019 21:30,Chesapeake Energy Arena,Oklahoma City Thunder,Utah Jazz,148 - 147
18,23/02/2019 13:00,Wells Fargo Center,Philadelphia 76ers,Portland Trail Blazers,115 - 130
18,23/02/2019 19:00,State Farm Arena,Atlanta Hawks,Phoenix Suns,120 - 112
18,23/02/2019 19:00,Spectrum Center,Charlotte Hornets,Brooklyn Nets,115 - 117
18,23/02/2019 19:00,Quicken Loans Arena,Cleveland Cavaliers,Memphis Grizzlies,112 - 107
18,23/02/2019 19:00,Capital One Arena,Washington Wizards,Indiana Pacers,112 - 119
18,23/02/2019 19:00,Smoothie King Center,New Orleans Pelicans,Los Angeles Lakers,128 - 115
18,23/02/2019 19:30,AmericanAirlines Arena,Miami Heat,Detroit Pistons,96 - 119
18,23/02/2019 20:00,United Center,Chicago Bulls,Boston Celtics,126 - 116
18,23/02/2019 20:00,Chesapeake Energy Arena,Oklahoma City Thunder,Sacramento Kings,116 - 119
18,23/02/2019 20:30,Fiserv Forum,Milwaukee Bucks,Minnesota Timberwolves,140 - 128
18,23/02/2019 20:30,ORACLE Arena,Golden State Warriors,Houston Rockets,112 - 118
18,23/02/2019 22:00,Vivint Smart Home Arena,Utah Jazz,Dallas Mavericks,125 - 109
18,24/02/2019 15:30,Scotiabank Arena,Toronto Raptors,Orlando Magic,98 - 113
18,24/02/2019 17:00,Pepsi Center,Denver Nuggets,LA Clippers,123 - 96
18,24/02/2019 19:30,Madison Square Garden,New York Knicks,San Antonio Spurs,130 - 118
18,25/02/2019 19:00,Spectrum Center,Charlotte Hornets,Golden State Warriors,110 - 121
18,25/02/2019 19:00,Quicken Loans Arena,Cleveland Cavaliers,Portland Trail Blazers,110 - 123
18,25/02/2019 19:00,Little Caesars Arena,Detroit Pistons,Indiana Pacers,113 - 109
18,25/02/2019 19:30,Barclays Center,Brooklyn Nets,San Antonio Spurs,101 - 85
18,25/02/2019 19:30,AmericanAirlines Arena,Miami Heat,Phoenix Suns,121 - 124
18,25/02/2019 20:00,United Center,Chicago Bulls,Milwaukee Bucks,106 - 117
18,25/02/2019 20:00,Toyota Center,Houston Rockets,Atlanta Hawks,119 - 111
18,25/02/2019 20:00,FedExForum,Memphis Grizzlies,Los Angeles Lakers,110 - 105
18,25/02/2019 20:00,Target Center,Minnesota Timberwolves,Sacramento Kings,112 - 105
18,25/02/2019 20:00,Smoothie King Center,New Orleans Pelicans,Philadelphia 76ers,110 - 111
18,25/02/2019 22:30,Staples Center,LA Clippers,Dallas Mavericks,121 - 112
18,26/02/2019 19:30,Madison Square Garden,New York Knicks,Orlando Magic,108 - 103
18,26/02/2019 20:00,Scotiabank Arena,Toronto Raptors,Boston Celtics,118 - 95
18,26/02/2019 22:30,Pepsi Center,Denver Nuggets,Oklahoma City Thunder,121 - 112
18,27/02/2019 19:00,Spectrum Center,Charlotte Hornets,Houston Rockets,113 - 118
18,27/02/2019 19:30,State Farm Arena,Atlanta Hawks,Minnesota Timberwolves,131 - 123
18,27/02/2019 19:30,Barclays Center,Brooklyn Nets,Washington Wizards,116 - 125
18,27/02/2019 19:30,AmericanAirlines Arena,Miami Heat,Golden State Warriors,126 - 125
18,27/02/2019 20:00,TD Garden,Boston Celtics,Portland Trail Blazers,92 - 97
18,27/02/2019 20:00,FedExForum,Memphis Grizzlies,Chicago Bulls,107 - 109
18,27/02/2019 20:30,AT+ACY-T Center,San Antonio Spurs,Detroit Pistons,105 - 93
18,27/02/2019 20:30,American Airlines Center,Dallas Mavericks,Indiana Pacers,110 - 101
18,27/02/2019 21:00,Vivint Smart Home Arena,Utah Jazz,LA Clippers,111 - 105
18,27/02/2019 22:00,Golden 1 Center,Sacramento Kings,Milwaukee Bucks,140 - 141
18,27/02/2019 22:30,Staples Center,Los Angeles Lakers,New Orleans Pelicans,125 - 119
19,28/02/2019 19:00,Bankers Life Fieldhouse,Indiana Pacers,Minnesota Timberwolves,122 - 115
19,28/02/2019 19:00,Amway Center,Orlando Magic,Golden State Warriors,103 - 96
19,28/02/2019 19:30,Madison Square Garden,New York Knicks,Cleveland Cavaliers,118 - 125
19,28/02/2019 20:00,Toyota Center,Houston Rockets,Miami Heat,121 - 118
19,28/02/2019 20:00,Chesapeake Energy Arena,Oklahoma City Thunder,Philadelphia 76ers,104 - 108
19,28/02/2019 22:30,Pepsi Center,Denver Nuggets,Utah Jazz,104 - 111
19,01/03/2019 19:30,State Farm Arena,Atlanta Hawks,Chicago Bulls,161 - 168
19,01/03/2019 19:30,Barclays Center,Brooklyn Nets,Charlotte Hornets,112 - 123
19,01/03/2019 20:00,Scotiabank Arena,Toronto Raptors,Portland Trail Blazers,119 - 117
19,01/03/2019 20:00,TD Garden,Boston Celtics,Washington Wizards,107 - 96
19,01/03/2019 21:00,Talking Stick Resort Arena,Phoenix Suns,New Orleans Pelicans,116 - 130
19,01/03/2019 22:00,Golden 1 Center,Sacramento Kings,LA Clippers,109 - 116
19,01/03/2019 22:30,Staples Center,Los Angeles Lakers,Milwaukee Bucks,120 - 131
19,02/03/2019 17:00,Quicken Loans Arena,Cleveland Cavaliers,Detroit Pistons,93 - 129
19,02/03/2019 19:00,Bankers Life Fieldhouse,Indiana Pacers,Orlando Magic,112 - 117
19,02/03/2019 19:30,AmericanAirlines Arena,Miami Heat,Brooklyn Nets,117 - 88
19,02/03/2019 20:30,Wells Fargo Center,Philadelphia 76ers,Golden State Warriors,117 - 120
19,02/03/2019 20:30,American Airlines Center,Dallas Mavericks,Memphis Grizzlies,81 - 111
19,02/03/2019 20:30,AT+ACY-T Center,San Antonio Spurs,Oklahoma City Thunder,116 - 102
19,02/03/2019 21:00,Pepsi Center,Denver Nuggets,New Orleans Pelicans,112 - 120
19,02/03/2019 21:00,Talking Stick Resort Arena,Phoenix Suns,Los Angeles Lakers,118 - 109
19,02/03/2019 21:00,Vivint Smart Home Arena,Utah Jazz,Milwaukee Bucks,115 - 111
19,03/03/2019 13:00,Spectrum Center,Charlotte Hornets,Portland Trail Blazers,108 - 118
19,03/03/2019 15:30,TD Garden,Boston Celtics,Houston Rockets,104 - 115
19,03/03/2019 15:30,United Center,Chicago Bulls,Atlanta Hawks,118 - 123
19,03/03/2019 15:30,Staples Center,LA Clippers,New York Knicks,128 - 107
19,03/03/2019 18:00,Quicken Loans Arena,Cleveland Cavaliers,Orlando Magic,107 - 93
19,03/03/2019 18:00,Little Caesars Arena,Detroit Pistons,Toronto Raptors,112 - 107
19,03/03/2019 18:00,Capital One Arena,Washington Wizards,Minnesota Timberwolves,135 - 121
19,03/03/2019 19:00,Chesapeake Energy Arena,Oklahoma City Thunder,Memphis Grizzlies,99 - 95
19,04/03/2019 19:30,Barclays Center,Brooklyn Nets,Dallas Mavericks,127 - 88
19,04/03/2019 19:30,AmericanAirlines Arena,Miami Heat,Atlanta Hawks,114 - 113
19,04/03/2019 20:30,AT+ACY-T Center,San Antonio Spurs,Denver Nuggets,104 - 103
19,04/03/2019 21:00,Talking Stick Resort Arena,Phoenix Suns,Milwaukee Bucks,114 - 105
19,04/03/2019 21:00,Vivint Smart Home Arena,Utah Jazz,New Orleans Pelicans,112 - 115
19,04/03/2019 22:00,Golden 1 Center,Sacramento Kings,New York Knicks,115 - 108
19,04/03/2019 22:30,Staples Center,Los Angeles Lakers,LA Clippers,105 - 113
19,05/03/2019 19:00,Bankers Life Fieldhouse,Indiana Pacers,Chicago Bulls,105 - 96
19,05/03/2019 19:00,Wells Fargo Center,Philadelphia 76ers,Orlando Magic,114 - 106
19,05/03/2019 20:00,Scotiabank Arena,Toronto Raptors,Houston Rockets,95 - 107
19,05/03/2019 20:00,FedExForum,Memphis Grizzlies,Portland Trail Blazers,120 - 111
19,05/03/2019 20:00,Target Center,Minnesota Timberwolves,Oklahoma City Thunder,131 - 120
19,05/03/2019 22:30,ORACLE Arena,Golden State Warriors,Boston Celtics,95 - 128
19,06/03/2019 19:00,Spectrum Center,Charlotte Hornets,Miami Heat,84 - 91
19,06/03/2019 19:00,Little Caesars Arena,Detroit Pistons,Minnesota Timberwolves,131 - 114
19,06/03/2019 19:00,Capital One Arena,Washington Wizards,Dallas Mavericks,132 - 123
19,06/03/2019 19:30,State Farm Arena,Atlanta Hawks,San Antonio Spurs,104 - 111
19,06/03/2019 19:30,Barclays Center,Brooklyn Nets,Cleveland Cavaliers,113 - 107
19,06/03/2019 20:00,United Center,Chicago Bulls,Philadelphia 76ers,108 - 107
19,06/03/2019 20:00,Smoothie King Center,New Orleans Pelicans,Utah Jazz,104 - 114
19,06/03/2019 21:00,Talking Stick Resort Arena,Phoenix Suns,New York Knicks,107 - 96
19,06/03/2019 22:00,Golden 1 Center,Sacramento Kings,Boston Celtics,109 - 111
19,06/03/2019 22:30,Staples Center,Los Angeles Lakers,Denver Nuggets,99 - 115
20,07/03/2019 20:00,Fiserv Forum,Milwaukee Bucks,Indiana Pacers,117 - 98
20,07/03/2019 22:30,Moda Center,Portland Trail Blazers,Oklahoma City Thunder,121 - 129
20,08/03/2019 19:00,Spectrum Center,Charlotte Hornets,Washington Wizards,112 - 111
20,08/03/2019 19:00,Amway Center,Orlando Magic,Dallas Mavericks,111 - 106
20,08/03/2019 20:00,AmericanAirlines Arena,Miami Heat,Cleveland Cavaliers,126 - 110
20,08/03/2019 20:00,United Center,Chicago Bulls,Detroit Pistons,104 - 112
20,08/03/2019 20:00,Toyota Center,Houston Rockets,Philadelphia 76ers,107 - 91
20,08/03/2019 20:00,FedExForum,Memphis Grizzlies,Utah Jazz,114 - 104
20,08/03/2019 20:00,Smoothie King Center,New Orleans Pelicans,Toronto Raptors,104 - 127
20,08/03/2019 22:30,ORACLE Arena,Golden State Warriors,Denver Nuggets,122 - 105
20,08/03/2019 22:30,Staples Center,LA Clippers,Oklahoma City Thunder,118 - 110
20,09/03/2019 12:00,Madison Square Garden,New York Knicks,Sacramento Kings,94 - 102
20,09/03/2019 19:00,State Farm Arena,Atlanta Hawks,Brooklyn Nets,112 - 114
20,09/03/2019 20:00,Target Center,Minnesota Timberwolves,Washington Wizards,135 - 130
20,09/03/2019 20:30,Staples Center,Los Angeles Lakers,Boston Celtics,107 - 120
20,09/03/2019 21:00,Fiserv Forum,Milwaukee Bucks,Charlotte Hornets,131 - 114
20,09/03/2019 22:00,Moda Center,Portland Trail Blazers,Phoenix Suns,127 - 120
20,10/03/2019 12:00,Little Caesars Arena,Detroit Pistons,Chicago Bulls,131 - 108
20,10/03/2019 15:30,AmericanAirlines Arena,Miami Heat,Toronto Raptors,104 - 125
20,10/03/2019 15:30,Wells Fargo Center,Philadelphia 76ers,Indiana Pacers,106 - 89
20,10/03/2019 18:00,State Farm Arena,Atlanta Hawks,New Orleans Pelicans,128 - 116
20,10/03/2019 18:00,FedExForum,Memphis Grizzlies,Orlando Magic,105 - 97
20,10/03/2019 19:00,American Airlines Center,Dallas Mavericks,Houston Rockets,93 - 94
20,10/03/2019 20:00,Target Center,Minnesota Timberwolves,New York Knicks,103 - 92
20,10/03/2019 20:00,AT+ACY-T Center,San Antonio Spurs,Milwaukee Bucks,121 - 114
20,10/03/2019 20:30,ORACLE Arena,Golden State Warriors,Phoenix Suns,111 - 115
20,11/03/2019 19:00,Quicken Loans Arena,Cleveland Cavaliers,Toronto Raptors,126 - 101
20,11/03/2019 19:00,Capital One Arena,Washington Wizards,Sacramento Kings,121 - 115
20,11/03/2019 19:30,Barclays Center,Brooklyn Nets,Detroit Pistons,103 - 75
20,11/03/2019 20:00,Toyota Center,Houston Rockets,Charlotte Hornets,118 - 106
20,11/03/2019 21:00,Vivint Smart Home Arena,Utah Jazz,Oklahoma City Thunder,89 - 98
20,11/03/2019 22:30,Staples Center,LA Clippers,Boston Celtics,140 - 115
20,12/03/2019 19:00,Bankers Life Fieldhouse,Indiana Pacers,New York Knicks,103 - 98
20,12/03/2019 19:00,Wells Fargo Center,Philadelphia 76ers,Cleveland Cavaliers,106 - 99
20,12/03/2019 20:00,United Center,Chicago Bulls,Los Angeles Lakers,107 - 123
20,12/03/2019 20:00,Smoothie King Center,New Orleans Pelicans,Milwaukee Bucks,113 - 130
20,12/03/2019 20:00,American Airlines Center,Dallas Mavericks,San Antonio Spurs,105 - 112
20,12/03/2019 22:30,Pepsi Center,Denver Nuggets,Minnesota Timberwolves,133 - 107
20,12/03/2019 22:30,Staples Center,LA Clippers,Portland Trail Blazers,104 - 125
20,13/03/2019 19:00,Capital One Arena,Washington Wizards,Orlando Magic,100 - 90
20,13/03/2019 19:00,Chesapeake Energy Arena,Oklahoma City Thunder,Brooklyn Nets,108 - 96
20,13/03/2019 19:30,AmericanAirlines Arena,Miami Heat,Detroit Pistons,108 - 74
20,13/03/2019 19:30,State Farm Arena,Atlanta Hawks,Memphis Grizzlies,132 - 111
20,13/03/2019 21:30,Toyota Center,Houston Rockets,Golden State Warriors,104 - 106
20,13/03/2019 22:00,Talking Stick Resort Arena,Phoenix Suns,Utah Jazz,97 - 114
20,14/03/2019 19:00,Bankers Life Fieldhouse,Indiana Pacers,Oklahoma City Thunder,108 - 106
20,14/03/2019 19:00,Amway Center,Orlando Magic,Cleveland Cavaliers,120 - 91
20,14/03/2019 19:30,TD Garden,Boston Celtics,Sacramento Kings,126 - 120
21,14/03/2019 20:00,Scotiabank Arena,Toronto Raptors,Los Angeles Lakers,111 - 98
21,14/03/2019 21:00,Vivint Smart Home Arena,Utah Jazz,Minnesota Timberwolves,120 - 100
21,14/03/2019 22:30,Pepsi Center,Denver Nuggets,Dallas Mavericks,100 - 99
21,15/03/2019 19:00,Little Caesars Arena,Detroit Pistons,Los Angeles Lakers,111 - 97
21,15/03/2019 19:00,Wells Fargo Center,Philadelphia 76ers,Sacramento Kings,123 - 114
21,15/03/2019 19:00,Capital One Arena,Washington Wizards,Charlotte Hornets,110 - 116
21,15/03/2019 20:00,AmericanAirlines Arena,Miami Heat,Milwaukee Bucks,98 - 113
21,15/03/2019 20:00,Toyota Center,Houston Rockets,Phoenix Suns,108 - 102
21,15/03/2019 20:00,Smoothie King Center,New Orleans Pelicans,Portland Trail Blazers,110 - 122
21,15/03/2019 20:30,AT+ACY-T Center,San Antonio Spurs,New York Knicks,109 - 83
21,15/03/2019 22:30,Staples Center,LA Clippers,Chicago Bulls,128 - 121
21,16/03/2019 12:30,TD Garden,Boston Celtics,Atlanta Hawks,129 - 120
21,16/03/2019 19:00,Capital One Arena,Washington Wizards,Memphis Grizzlies,135 - 128
21,16/03/2019 19:00,Smoothie King Center,New Orleans Pelicans,Phoenix Suns,136 - 138
21,16/03/2019 20:30,American Airlines Center,Dallas Mavericks,Cleveland Cavaliers,121 - 116
21,16/03/2019 20:30,Chesapeake Energy Arena,Oklahoma City Thunder,Golden State Warriors,88 - 110
21,16/03/2019 20:30,AT+ACY-T Center,San Antonio Spurs,Portland Trail Blazers,108 - 103
21,16/03/2019 21:00,Pepsi Center,Denver Nuggets,Indiana Pacers,102 - 100
21,16/03/2019 21:00,Vivint Smart Home Arena,Utah Jazz,Brooklyn Nets,114 - 98
21,17/03/2019 12:00,Madison Square Garden,New York Knicks,Los Angeles Lakers,124 - 123
21,17/03/2019 13:00,AmericanAirlines Arena,Miami Heat,Charlotte Hornets,93 - 75
21,17/03/2019 15:30,Fiserv Forum,Milwaukee Bucks,Philadelphia 76ers,125 - 130
21,17/03/2019 16:00,Little Caesars Arena,Detroit Pistons,Toronto Raptors,110 - 107
21,17/03/2019 18:00,Amway Center,Orlando Magic,Atlanta Hawks,101 - 91
21,17/03/2019 18:00,Golden 1 Center,Sacramento Kings,Chicago Bulls,129 - 102
21,17/03/2019 21:00,Toyota Center,Houston Rockets,Minnesota Timberwolves,117 - 102
21,17/03/2019 21:00,Staples Center,LA Clippers,Brooklyn Nets,119 - 116
21,18/03/2019 19:00,Quicken Loans Arena,Cleveland Cavaliers,Detroit Pistons,126 - 119
21,18/03/2019 19:00,Capital One Arena,Washington Wizards,Utah Jazz,95 - 116
21,18/03/2019 19:30,TD Garden,Boston Celtics,Denver Nuggets,105 - 114
21,18/03/2019 19:30,Scotiabank Arena,Toronto Raptors,New York Knicks,128 - 92
21,18/03/2019 20:00,Chesapeake Energy Arena,Oklahoma City Thunder,Miami Heat,107 - 116
21,18/03/2019 20:00,AT+ACY-T Center,San Antonio Spurs,Golden State Warriors,111 - 105
21,18/03/2019 20:30,American Airlines Center,Dallas Mavericks,New Orleans Pelicans,125 - 129
21,18/03/2019 22:00,Talking Stick Resort Arena,Phoenix Suns,Chicago Bulls,101 - 116
21,18/03/2019 22:30,Moda Center,Portland Trail Blazers,Indiana Pacers,106 - 98
21,19/03/2019 19:00,Spectrum Center,Charlotte Hornets,Philadelphia 76ers,114 - 118
21,19/03/2019 19:30,State Farm Arena,Atlanta Hawks,Houston Rockets,105 - 121
21,19/03/2019 20:00,Fiserv Forum,Milwaukee Bucks,Los Angeles Lakers,115 - 101
21,19/03/2019 20:00,Target Center,Minnesota Timberwolves,Golden State Warriors,107 - 117
21,19/03/2019 22:00,Golden 1 Center,Sacramento Kings,Brooklyn Nets,121 - 123
21,19/03/2019 22:30,Staples Center,LA Clippers,Indiana Pacers,115 - 109
21,20/03/2019 19:00,Quicken Loans Arena,Cleveland Cavaliers,Milwaukee Bucks,107 - 102
21,20/03/2019 19:00,Amway Center,Orlando Magic,New Orleans Pelicans,119 - 96
21,20/03/2019 19:00,Wells Fargo Center,Philadelphia 76ers,Boston Celtics,118 - 115
21,20/03/2019 19:30,Madison Square Garden,New York Knicks,Utah Jazz,116 - 137
21,20/03/2019 20:00,United Center,Chicago Bulls,Washington Wizards,126 - 120
21,20/03/2019 20:00,FedExForum,Memphis Grizzlies,Houston Rockets,126 - 125
21,20/03/2019 20:30,AT+ACY-T Center,San Antonio Spurs,Miami Heat,105 - 110
21,20/03/2019 21:30,Chesapeake Energy Arena,Oklahoma City Thunder,Toronto Raptors,114 - 123
21,20/03/2019 22:00,Moda Center,Portland Trail Blazers,Dallas Mavericks,126 - 118
21,21/03/2019 19:00,Spectrum Center,Charlotte Hornets,Minnesota Timberwolves,113 - 106
21,21/03/2019 19:00,Capital One Arena,Washington Wizards,Denver Nuggets,108 - 113
21,21/03/2019 19:30,State Farm Arena,Atlanta Hawks,Utah Jazz,117 - 114
22,21/03/2019 22:00,Talking Stick Resort Arena,Phoenix Suns,Detroit Pistons,98 - 118
22,21/03/2019 22:00,Golden 1 Center,Sacramento Kings,Dallas Mavericks,116 - 100
22,21/03/2019 22:30,ORACLE Arena,Golden State Warriors,Indiana Pacers,112 - 89
22,22/03/2019 19:00,Amway Center,Orlando Magic,Memphis Grizzlies,123 - 119
22,22/03/2019 19:30,Quicken Loans Arena,Cleveland Cavaliers,LA Clippers,108 - 110
22,22/03/2019 19:30,Madison Square Garden,New York Knicks,Denver Nuggets,93 - 111
22,22/03/2019 19:30,Scotiabank Arena,Toronto Raptors,Oklahoma City Thunder,109 - 116
22,22/03/2019 20:00,Toyota Center,Houston Rockets,San Antonio Spurs,111 - 105
22,22/03/2019 20:30,Fiserv Forum,Milwaukee Bucks,Miami Heat,116 - 87
22,22/03/2019 22:30,Staples Center,Los Angeles Lakers,Brooklyn Nets,106 - 111
22,23/03/2019 18:00,Spectrum Center,Charlotte Hornets,Boston Celtics,124 - 117
22,23/03/2019 19:00,Capital One Arena,Washington Wizards,Miami Heat,108 - 113
22,23/03/2019 19:30,State Farm Arena,Atlanta Hawks,Philadelphia 76ers,129 - 127
22,23/03/2019 20:00,United Center,Chicago Bulls,Utah Jazz,83 - 114
22,23/03/2019 20:00,FedExForum,Memphis Grizzlies,Minnesota Timberwolves,99 - 112
22,23/03/2019 20:30,ORACLE Arena,Golden State Warriors,Dallas Mavericks,91 - 126
22,23/03/2019 22:00,Moda Center,Portland Trail Blazers,Detroit Pistons,117 - 112
22,23/03/2019 22:00,Golden 1 Center,Sacramento Kings,Phoenix Suns,112 - 103
22,24/03/2019 12:00,Madison Square Garden,New York Knicks,LA Clippers,113 - 124
22,24/03/2019 16:30,Fiserv Forum,Milwaukee Bucks,Cleveland Cavaliers,127 - 105
22,24/03/2019 17:00,Bankers Life Fieldhouse,Indiana Pacers,Denver Nuggets,124 - 88
22,24/03/2019 18:00,Scotiabank Arena,Toronto Raptors,Charlotte Hornets,114 - 115
22,24/03/2019 19:00,Smoothie King Center,New Orleans Pelicans,Houston Rockets,90 - 113
22,24/03/2019 19:30,TD Garden,Boston Celtics,San Antonio Spurs,96 - 115
22,24/03/2019 20:30,ORACLE Arena,Golden State Warriors,Detroit Pistons,121 - 114
22,24/03/2019 21:30,Staples Center,Los Angeles Lakers,Sacramento Kings,111 - 106
22,25/03/2019 19:00,Amway Center,Orlando Magic,Philadelphia 76ers,119 - 98
22,25/03/2019 20:00,FedExForum,Memphis Grizzlies,Oklahoma City Thunder,115 - 103
22,25/03/2019 21:00,Vivint Smart Home Arena,Utah Jazz,Phoenix Suns,125 - 92
22,25/03/2019 22:00,Moda Center,Portland Trail Blazers,Brooklyn Nets,148 - 144
22,26/03/2019 19:00,Spectrum Center,Charlotte Hornets,San Antonio Spurs,125 - 116
22,26/03/2019 19:00,Quicken Loans Arena,Cleveland Cavaliers,Boston Celtics,106 - 116
22,26/03/2019 19:30,AmericanAirlines Arena,Miami Heat,Orlando Magic,99 - 104
22,26/03/2019 19:30,Scotiabank Arena,Toronto Raptors,Chicago Bulls,112 - 103
22,26/03/2019 20:00,Fiserv Forum,Milwaukee Bucks,Houston Rockets,108 - 94
22,26/03/2019 20:00,Target Center,Minnesota Timberwolves,LA Clippers,111 - 122
22,26/03/2019 20:00,Smoothie King Center,New Orleans Pelicans,Atlanta Hawks,120 - 130
22,26/03/2019 20:30,American Airlines Center,Dallas Mavericks,Sacramento Kings,121 - 125
22,26/03/2019 21:00,Pepsi Center,Denver Nuggets,Detroit Pistons,95 - 92
22,26/03/2019 22:30,Staples Center,Los Angeles Lakers,Washington Wizards,124 - 106
22,27/03/2019 20:00,United Center,Chicago Bulls,Portland Trail Blazers,98 - 118
22,27/03/2019 20:00,FedExForum,Memphis Grizzlies,Golden State Warriors,103 - 118
22,27/03/2019 20:00,Chesapeake Energy Arena,Oklahoma City Thunder,Indiana Pacers,107 - 99
22,27/03/2019 22:00,Talking Stick Resort Arena,Phoenix Suns,Washington Wizards,121 - 124
22,27/03/2019 22:30,Vivint Smart Home Arena,Utah Jazz,Los Angeles Lakers,115 - 100
22,28/03/2019 19:00,Little Caesars Arena,Detroit Pistons,Orlando Magic,115 - 98
22,28/03/2019 19:00,Wells Fargo Center,Philadelphia 76ers,Brooklyn Nets,123 - 110
22,28/03/2019 19:30,AmericanAirlines Arena,Miami Heat,Dallas Mavericks,105 - 99
22,28/03/2019 19:30,Madison Square Garden,New York Knicks,Toronto Raptors,92 - 117
23,28/03/2019 20:00,Toyota Center,Houston Rockets,Denver Nuggets,112 - 85
23,28/03/2019 20:00,Fiserv Forum,Milwaukee Bucks,LA Clippers,128 - 118
23,28/03/2019 20:00,Smoothie King Center,New Orleans Pelicans,Sacramento Kings,121 - 118
23,28/03/2019 20:30,AT+ACY-T Center,San Antonio Spurs,Cleveland Cavaliers,116 - 110
23,29/03/2019 19:00,TD Garden,Boston Celtics,Indiana Pacers,114 - 112
23,29/03/2019 19:30,State Farm Arena,Atlanta Hawks,Portland Trail Blazers,98 - 118
23,29/03/2019 20:00,Target Center,Minnesota Timberwolves,Golden State Warriors,131 - 130
23,29/03/2019 20:00,Chesapeake Energy Arena,Oklahoma City Thunder,Denver Nuggets,105 - 115
23,29/03/2019 21:00,Vivint Smart Home Arena,Utah Jazz,Washington Wizards,128 - 124
23,29/03/2019 22:30,Staples Center,Los Angeles Lakers,Charlotte Hornets,129 - 115
23,30/03/2019 15:30,Staples Center,LA Clippers,Cleveland Cavaliers,132 - 108
23,30/03/2019 18:00,Barclays Center,Brooklyn Nets,Boston Celtics,110 - 96
23,30/03/2019 18:00,Toyota Center,Houston Rockets,Sacramento Kings,119 - 108
23,30/03/2019 19:00,Little Caesars Arena,Detroit Pistons,Portland Trail Blazers,99 - 90
23,30/03/2019 19:00,Bankers Life Fieldhouse,Indiana Pacers,Orlando Magic,116 - 121
23,30/03/2019 19:30,Madison Square Garden,New York Knicks,Miami Heat,92 - 100
23,30/03/2019 20:00,United Center,Chicago Bulls,Toronto Raptors,101 - 124
23,30/03/2019 20:00,Target Center,Minnesota Timberwolves,Philadelphia 76ers,109 - 118
23,30/03/2019 22:00,Talking Stick Resort Arena,Phoenix Suns,Memphis Grizzlies,115 - 120
23,31/03/2019 12:30,State Farm Arena,Atlanta Hawks,Milwaukee Bucks,136 - 135
23,31/03/2019 15:30,Chesapeake Energy Arena,Oklahoma City Thunder,Dallas Mavericks,103 - 106
23,31/03/2019 18:00,Smoothie King Center,New Orleans Pelicans,Los Angeles Lakers,102 - 130
23,31/03/2019 19:00,AT+ACY-T Center,San Antonio Spurs,Sacramento Kings,106 - 113
23,31/03/2019 20:00,Pepsi Center,Denver Nuggets,Washington Wizards,90 - 95
23,31/03/2019 20:30,ORACLE Arena,Golden State Warriors,Charlotte Hornets,137 - 90
23,31/03/2019 22:30,Staples Center,LA Clippers,Memphis Grizzlies,113 - 96
23,01/04/2019 19:00,Bankers Life Fieldhouse,Indiana Pacers,Detroit Pistons,111 - 102
23,01/04/2019 19:30,TD Garden,Boston Celtics,Miami Heat,110 - 105
23,01/04/2019 19:30,Barclays Center,Brooklyn Nets,Milwaukee Bucks,121 - 131
23,01/04/2019 19:30,Madison Square Garden,New York Knicks,Chicago Bulls,113 - 105
23,01/04/2019 19:30,Scotiabank Arena,Toronto Raptors,Orlando Magic,121 - 109
23,01/04/2019 20:00,Target Center,Minnesota Timberwolves,Portland Trail Blazers,122 - 132
23,01/04/2019 20:30,American Airlines Center,Dallas Mavericks,Philadelphia 76ers,122 - 102
23,01/04/2019 21:00,Vivint Smart Home Arena,Utah Jazz,Charlotte Hornets,111 - 102
23,01/04/2019 22:00,Talking Stick Resort Arena,Phoenix Suns,Cleveland Cavaliers,122 - 113
23,02/04/2019 20:00,Chesapeake Energy Arena,Oklahoma City Thunder,Los Angeles Lakers,119 - 103
23,02/04/2019 20:30,AT+ACY-T Center,San Antonio Spurs,Atlanta Hawks,117 - 111
23,02/04/2019 22:00,Golden 1 Center,Sacramento Kings,Houston Rockets,105 - 130
23,02/04/2019 22:30,ORACLE Arena,Golden State Warriors,Denver Nuggets,116 - 102
23,03/04/2019 19:00,Little Caesars Arena,Detroit Pistons,Indiana Pacers,89 - 108
23,03/04/2019 19:00,Amway Center,Orlando Magic,New York Knicks,114 - 100
23,03/04/2019 19:00,Capital One Arena,Washington Wizards,Chicago Bulls,114 - 115
23,03/04/2019 19:30,State Farm Arena,Atlanta Hawks,Philadelphia 76ers,130 - 122
23,03/04/2019 19:30,Barclays Center,Brooklyn Nets,Toronto Raptors,105 - 115
23,03/04/2019 19:30,AmericanAirlines Arena,Miami Heat,Boston Celtics,102 - 112
23,03/04/2019 20:00,Smoothie King Center,New Orleans Pelicans,Charlotte Hornets,109 - 115
23,03/04/2019 20:30,American Airlines Center,Dallas Mavericks,Minnesota Timberwolves,108 - 110
23,03/04/2019 21:00,Pepsi Center,Denver Nuggets,San Antonio Spurs,113 - 85
23,03/04/2019 22:00,Talking Stick Resort Arena,Phoenix Suns,Utah Jazz,97 - 118
23,03/04/2019 22:00,Moda Center,Portland Trail Blazers,Memphis Grizzlies,116 - 89
23,03/04/2019 22:30,Staples Center,LA Clippers,Houston Rockets,103 - 135
24,04/04/2019 20:00,Wells Fargo Center,Philadelphia 76ers,Milwaukee Bucks,122 - 128
24,04/04/2019 22:00,Golden 1 Center,Sacramento Kings,Cleveland Cavaliers,117 - 104
24,04/04/2019 22:30,Staples Center,Los Angeles Lakers,Golden State Warriors,90 - 108
24,05/04/2019 19:00,Spectrum Center,Charlotte Hornets,Toronto Raptors,113 - 111
24,05/04/2019 19:00,Amway Center,Orlando Magic,Atlanta Hawks,149 - 113
24,05/04/2019 19:00,Capital One Arena,Washington Wizards,San Antonio Spurs,112 - 129
24,05/04/2019 20:00,Bankers Life Fieldhouse,Indiana Pacers,Boston Celtics,97 - 117
24,05/04/2019 20:00,Toyota Center,Houston Rockets,New York Knicks,120 - 96
24,05/04/2019 20:00,Target Center,Minnesota Timberwolves,Miami Heat,111 - 109
24,05/04/2019 20:00,Chesapeake Energy Arena,Oklahoma City Thunder,Detroit Pistons,123 - 110
24,05/04/2019 20:30,American Airlines Center,Dallas Mavericks,Memphis Grizzlies,112 - 122
24,05/04/2019 21:00,Vivint Smart Home Arena,Utah Jazz,Sacramento Kings,119 - 98
24,05/04/2019 22:00,Talking Stick Resort Arena,Phoenix Suns,New Orleans Pelicans,133 - 126
24,05/04/2019 22:30,Pepsi Center,Denver Nuggets,Portland Trail Blazers,119 - 110
24,05/04/2019 22:30,ORACLE Arena,Golden State Warriors,Cleveland Cavaliers,120 - 114
24,05/04/2019 22:30,Staples Center,LA Clippers,Los Angeles Lakers,117 - 122
24,06/04/2019 17:00,Fiserv Forum,Milwaukee Bucks,Brooklyn Nets,128 - 133
24,06/04/2019 20:00,United Center,Chicago Bulls,Philadelphia 76ers,96 - 116
24,07/04/2019 12:00,Scotiabank Arena,Toronto Raptors,Miami Heat,117 - 109
24,07/04/2019 15:00,Quicken Loans Arena,Cleveland Cavaliers,San Antonio Spurs,90 - 112
24,07/04/2019 15:30,Target Center,Minnesota Timberwolves,Oklahoma City Thunder,126 - 132
24,07/04/2019 16:00,Little Caesars Arena,Detroit Pistons,Charlotte Hornets,91 - 104
24,07/04/2019 17:00,Bankers Life Fieldhouse,Indiana Pacers,Brooklyn Nets,96 - 108
24,07/04/2019 18:00,FedExForum,Memphis Grizzlies,Dallas Mavericks,127 - 129
24,07/04/2019 19:00,Fiserv Forum,Milwaukee Bucks,Atlanta Hawks,115 - 107
24,07/04/2019 19:00,Toyota Center,Houston Rockets,Phoenix Suns,149 - 113
24,07/04/2019 19:30,TD Garden,Boston Celtics,Orlando Magic,108 - 116
24,07/04/2019 19:30,Madison Square Garden,New York Knicks,Washington Wizards,113 - 110
24,07/04/2019 20:30,ORACLE Arena,Golden State Warriors,LA Clippers,131 - 104
24,07/04/2019 21:00,Moda Center,Portland Trail Blazers,Denver Nuggets,115 - 108
24,07/04/2019 21:00,Golden 1 Center,Sacramento Kings,New Orleans Pelicans,129 - 133
24,07/04/2019 21:30,Staples Center,Los Angeles Lakers,Utah Jazz,113 - 109
24,09/04/2019 19:00,Quicken Loans Arena,Cleveland Cavaliers,Charlotte Hornets,97 - 124
24,09/04/2019 19:00,Little Caesars Arena,Detroit Pistons,Memphis Grizzlies,100 - 93
24,09/04/2019 19:00,Capital One Arena,Washington Wizards,Boston Celtics,110 - 116
24,09/04/2019 19:30,AmericanAirlines Arena,Miami Heat,Philadelphia 76ers,122 - 99
24,09/04/2019 20:00,United Center,Chicago Bulls,New York Knicks,86 - 96
24,09/04/2019 20:00,Target Center,Minnesota Timberwolves,Toronto Raptors,100 - 120
24,09/04/2019 20:00,Smoothie King Center,New Orleans Pelicans,Golden State Warriors,103 - 112
24,09/04/2019 20:30,American Airlines Center,Dallas Mavericks,Phoenix Suns,120 - 109
24,09/04/2019 21:00,Vivint Smart Home Arena,Utah Jazz,Denver Nuggets,118 - 108
24,09/04/2019 21:30,Chesapeake Energy Arena,Oklahoma City Thunder,Houston Rockets,112 - 111
24,09/04/2019 22:30,Staples Center,Los Angeles Lakers,Portland Trail Blazers,101 - 104
24,10/04/2019 20:00,State Farm Arena,Atlanta Hawks,Indiana Pacers,134 - 135
24,10/04/2019 20:00,Barclays Center,Brooklyn Nets,Miami Heat,113 - 94
24,10/04/2019 20:00,Spectrum Center,Charlotte Hornets,Orlando Magic,114 - 122
24,10/04/2019 20:00,Madison Square Garden,New York Knicks,Detroit Pistons,89 - 115
24,10/04/2019 20:00,Wells Fargo Center,Philadelphia 76ers,Chicago Bulls,125 - 109
24,10/04/2019 20:00,FedExForum,Memphis Grizzlies,Golden State Warriors,132 - 117
24,10/04/2019 20:00,Fiserv Forum,Milwaukee Bucks,Oklahoma City Thunder,116 - 127
24,10/04/2019 20:00,AT+ACY-T Center,San Antonio Spurs,Dallas Mavericks,105 - 94
24,10/04/2019 22:30,Pepsi Center,Denver Nuggets,Minnesota Timberwolves,99 - 95
24,10/04/2019 22:30,Staples Center,LA Clippers,Utah Jazz,143 - 137
24,10/04/2019 22:30,Moda Center,Portland Trail Blazers,Sacramento Kings,136 - 131
